Task,Network,Loss,Accuracy,ROC_AUC,AUC_AVG,AUC_STD,TrainTimeSec,NumSamples,LearningRate,Label0,Label1,Label0Rate,Label1Rate,AllZeroTDA,AllZeroRAW,NonEmptyEither,NonEmptyBoth,StartDateTime,EndDateTime
task2,BEPRO_TFR_a3.00_b1.00,0.6871,0.5179,0.7023,0.7463,0.0024,7.7,1115,0.0001,555,560,0.4978,0.5022,0,0,1115,1115,2025-10-27 21:40,2025-10-27 21:40
task2,BEPRO_TFR_a3.00_b1.00_bin1,0.6838,0.6012,0.6648,0.6828,0.0021,7.49,1115,0.0001,555,560,0.4978,0.5022,0,0,1115,1115,2025-10-27 21:40,2025-10-27 21:40
task2,BEPRO_TFR_a3.00_b1.00_bin2,0.6901,0.631,0.6801,0.6575,0.0187,7.51,1115,0.0001,555,560,0.4978,0.5022,2,4,1113,1109,2025-10-27 21:40,2025-10-27 21:41
task2,BEPRO_TFR_a3.00_b1.00_bin3,0.6916,0.506,0.5507,0.6628,0.0117,7.69,1115,0.0001,555,560,0.4978,0.5022,0,0,1115,1115,2025-10-27 21:41,2025-10-27 21:41
task2,BEPRO_TFR_a3.00_b1.00_bin4,0.689,0.5417,0.6241,0.5692,0.0121,7.63,1115,0.0001,555,560,0.4978,0.5022,2,5,1113,1108,2025-10-27 21:41,2025-10-27 21:41
task2,BEPRO_TFR_a3.00_b1.00_bin5,0.6904,0.5714,0.5975,0.5894,0.0056,7.84,1115,0.0001,555,560,0.4978,0.5022,0,0,1115,1115,2025-10-27 21:41,2025-10-27 21:41
task2,BEPRO_TFR_a3.00_b1.00_bin6,0.6919,0.5298,0.4705,0.4987,0.0186,8.16,1115,0.0001,555,560,0.4978,0.5022,35,48,1080,1032,2025-10-27 21:41,2025-10-27 21:41
task2,BEPRO_TFR_a3.00_b1.00_bin7,0.6914,0.5417,0.5326,0.537,0.0252,7.93,1115,0.0001,555,560,0.4978,0.5022,134,168,981,813,2025-10-27 21:41,2025-10-27 21:41
task2,BEPRO_TFR_a3.00_b1.00_bin8,0.6935,0.5119,0.5062,0.5752,0.0061,7.78,1115,0.0001,555,560,0.4978,0.5022,172,213,943,730,2025-10-27 21:41,2025-10-27 21:41
task2,BEPRO_TFR_a3.00_b1.00_bin9,0.6945,0.494,0.491,0.5595,0.0024,7.46,1115,0.0001,555,560,0.4978,0.5022,382,427,733,306,2025-10-27 21:41,2025-10-27 21:41
task2,BEPRO_TFR_a3.00_b1.00_bin10,0.6875,0.5595,0.5971,0.3675,0.0017,7.45,1115,0.0001,555,560,0.4978,0.5022,468,503,647,144,2025-10-27 21:41,2025-10-27 21:42
task3,BEPRO_TFR_a3.00_b1.00,0.6938,0.506,0.4876,0.5166,0.0071,7.97,1115,0.0001,597,518,0.5354,0.4646,0,0,1115,1115,2025-10-27 21:42,2025-10-27 21:42
task3,BEPRO_TFR_a3.00_b1.00_bin1,0.6948,0.506,0.449,0.5399,0.0076,7.45,1115,0.0001,597,518,0.5354,0.4646,0,0,1115,1115,2025-10-27 21:42,2025-10-27 21:42
task3,BEPRO_TFR_a3.00_b1.00_bin2,0.6935,0.506,0.6143,0.5613,0.0355,7.52,1115,0.0001,597,518,0.5354,0.4646,2,4,1113,1109,2025-10-27 21:42,2025-10-27 21:42
task3,BEPRO_TFR_a3.00_b1.00_bin3,0.6937,0.506,0.4804,0.4964,0.016,8.67,1115,0.0001,597,518,0.5354,0.4646,0,0,1115,1115,2025-10-27 21:42,2025-10-27 21:42
task3,BEPRO_TFR_a3.00_b1.00_bin4,0.6933,0.506,0.5243,0.5378,0.0147,8,1115,0.0001,597,518,0.5354,0.4646,2,5,1113,1108,2025-10-27 21:42,2025-10-27 21:42
task3,BEPRO_TFR_a3.00_b1.00_bin5,0.6936,0.506,0.4448,0.5435,0.0128,7.52,1115,0.0001,597,518,0.5354,0.4646,0,0,1115,1115,2025-10-27 21:42,2025-10-27 21:42
task3,BEPRO_TFR_a3.00_b1.00_bin6,0.6937,0.506,0.5009,0.6579,0.0141,7.53,1115,0.0001,597,518,0.5354,0.4646,35,48,1080,1032,2025-10-27 21:42,2025-10-27 21:43
task3,BEPRO_TFR_a3.00_b1.00_bin7,0.6932,0.506,0.5071,0.5306,0.013,7.54,1115,0.0001,597,518,0.5354,0.4646,134,168,981,813,2025-10-27 21:43,2025-10-27 21:43
task3,BEPRO_TFR_a3.00_b1.00_bin8,0.6937,0.506,0.5179,0.6158,0.0027,8.1,1115,0.0001,597,518,0.5354,0.4646,172,213,943,730,2025-10-27 21:43,2025-10-27 21:43
task3,BEPRO_TFR_a3.00_b1.00_bin9,0.6934,0.506,0.541,0.5263,0.0248,7.56,1115,0.0001,597,518,0.5354,0.4646,382,427,733,306,2025-10-27 21:43,2025-10-27 21:43
task3,BEPRO_TFR_a3.00_b1.00_bin10,0.6935,0.506,0.47,0.48,0.0173,7.54,1115,0.0001,597,518,0.5354,0.4646,468,503,647,144,2025-10-27 21:43,2025-10-27 21:43
task1,BEPRO_TFR_a3.00_b1.00,0.691,0.494,0.7646,0.7572,0.0114,7.57,1115,0.0001,611,504,0.548,0.452,0,0,1115,1115,2025-10-27 21:43,2025-10-27 21:43
task1,BEPRO_TFR_a3.00_b1.00_bin1,0.68,0.494,0.7062,0.7094,0.0076,7.53,1115,0.0001,611,504,0.548,0.452,0,0,1115,1115,2025-10-27 21:43,2025-10-27 21:43
task1,BEPRO_TFR_a3.00_b1.00_bin2,0.6952,0.494,0.7844,0.7455,0.1295,8.19,1115,0.0001,611,504,0.548,0.452,2,4,1113,1109,2025-10-27 21:43,2025-10-27 21:44
task1,BEPRO_TFR_a3.00_b1.00_bin3,0.6969,0.494,0.544,0.7354,0.0039,7.58,1115,0.0001,611,504,0.548,0.452,0,0,1115,1115,2025-10-27 21:44,2025-10-27 21:44
task1,BEPRO_TFR_a3.00_b1.00_bin4,0.6881,0.494,0.7391,0.5902,0.0056,7.57,1115,0.0001,611,504,0.548,0.452,2,5,1113,1108,2025-10-27 21:44,2025-10-27 21:44
task1,BEPRO_TFR_a3.00_b1.00_bin5,0.695,0.494,0.5997,0.7183,0.0098,7.77,1115,0.0001,611,504,0.548,0.452,0,0,1115,1115,2025-10-27 21:44,2025-10-27 21:44
task1,BEPRO_TFR_a3.00_b1.00_bin6,0.6931,0.494,0.5809,0.4985,0.0046,7.66,1115,0.0001,611,504,0.548,0.452,35,48,1080,1032,2025-10-27 21:44,2025-10-27 21:44
task1,BEPRO_TFR_a3.00_b1.00_bin7,0.6968,0.494,0.52,0.5463,0.0303,8.79,1115,0.0001,611,504,0.548,0.452,134,168,981,813,2025-10-27 21:44,2025-10-27 21:44
task1,BEPRO_TFR_a3.00_b1.00_bin8,0.6909,0.494,0.6366,0.5739,0.0042,7.82,1115,0.0001,611,504,0.548,0.452,172,213,943,730,2025-10-27 21:44,2025-10-27 21:44
task1,BEPRO_TFR_a3.00_b1.00_bin9,0.7062,0.494,0.3865,0.5886,0.0016,7.68,1115,0.0001,611,504,0.548,0.452,382,427,733,306,2025-10-27 21:44,2025-10-27 21:45
task1,BEPRO_TFR_a3.00_b1.00_bin10,0.6991,0.494,0.4997,0.4782,0.0457,7.68,1115,0.0001,611,504,0.548,0.452,468,503,647,144,2025-10-27 21:45,2025-10-27 21:45
task2,ADX_TFR_a3.00_b1.00,0.4562,0.8580,0.5030,0.4807,0.0138,7.76,1171,0.0001,937,234,0.8002,0.1998,0,0,1171,1171,2025-10-28 06:19:56,2025-10-28 06:20:04
task2,ADX_TFR_a3.00_b1.00_bin1,0.4678,0.8580,0.4448,0.4731,0.0074,7.54,1171,0.0001,937,234,0.8002,0.1998,0,0,1171,1171,2025-10-28 06:20:04,2025-10-28 06:20:12
task2,ADX_TFR_a3.00_b1.00_bin2,0.4982,0.8580,0.5033,0.4498,0.0059,7.48,1171,0.0001,937,234,0.8002,0.1998,0,0,1171,1171,2025-10-28 06:20:12,2025-10-28 06:20:20
task2,ADX_TFR_a3.00_b1.00_bin3,0.4615,0.8580,0.5323,0.4793,0.0109,7.75,1171,0.0001,937,234,0.8002,0.1998,5,12,1166,1154,2025-10-28 06:20:20,2025-10-28 06:20:28
task2,ADX_TFR_a3.00_b1.00_bin4,0.4447,0.8580,0.5997,0.4467,0.0054,7.48,1171,0.0001,937,234,0.8002,0.1998,67,81,1104,1023,2025-10-28 06:20:29,2025-10-28 06:20:36
task2,ADX_TFR_a3.00_b1.00_bin5,0.4881,0.8580,0.5444,0.5091,0.0027,7.51,1171,0.0001,937,234,0.8002,0.1998,6,14,1165,1151,2025-10-28 06:20:37,2025-10-28 06:20:44
task2,ADX_TFR_a3.00_b1.00_bin6,0.4552,0.8580,0.4550,0.4977,0.0033,7.89,1171,0.0001,937,234,0.8002,0.1998,17,32,1154,1122,2025-10-28 06:20:45,2025-10-28 06:20:53
task2,ADX_TFR_a3.00_b1.00_bin7,0.4719,0.8580,0.4023,0.5092,0.0019,7.55,1171,0.0001,937,234,0.8002,0.1998,285,324,886,562,2025-10-28 06:20:53,2025-10-28 06:21:01
task2,ADX_TFR_a3.00_b1.00_bin8,0.4440,0.8580,0.5068,0.5240,0.0325,7.81,1171,0.0001,937,234,0.8002,0.1998,649,676,522,-154,2025-10-28 06:21:01,2025-10-28 06:21:09
task2,ADX_TFR_a3.00_b1.00_bin9,0.4354,0.8580,0.4865,0.5391,0.0026,7.52,1171,0.0001,937,234,0.8002,0.1998,704,736,467,-269,2025-10-28 06:21:10,2025-10-28 06:21:17
task2,ADX_TFR_a3.00_b1.00_bin10,0.4307,0.8580,0.4865,0.4977,0.0068,7.48,1171,0.0001,937,234,0.8002,0.1998,930,947,241,-706,2025-10-28 06:21:18,2025-10-28 06:21:25
task3,ADX_TFR_a3.00_b1.00,0.6218,0.7045,0.5081,0.5529,0.0033,7.87,1171,0.0001,768,403,0.6558,0.3442,0,0,1171,1171,2025-10-28 06:21:26,2025-10-28 06:21:34
task3,ADX_TFR_a3.00_b1.00_bin1,0.6234,0.7045,0.4829,0.5388,0.0036,7.49,1171,0.0001,768,403,0.6558,0.3442,0,0,1171,1171,2025-10-28 06:21:34,2025-10-28 06:21:42
task3,ADX_TFR_a3.00_b1.00_bin2,0.6279,0.7045,0.5862,0.5431,0.0030,7.51,1171,0.0001,768,403,0.6558,0.3442,0,0,1171,1171,2025-10-28 06:21:42,2025-10-28 06:21:50
task3,ADX_TFR_a3.00_b1.00_bin3,0.6276,0.7045,0.4798,0.5173,0.0041,7.52,1171,0.0001,768,403,0.6558,0.3442,5,12,1166,1154,2025-10-28 06:21:51,2025-10-28 06:21:58
task3,ADX_TFR_a3.00_b1.00_bin4,0.6247,0.7045,0.4840,0.5009,0.0043,7.96,1171,0.0001,768,403,0.6558,0.3442,67,81,1104,1023,2025-10-28 06:21:59,2025-10-28 06:22:07
task3,ADX_TFR_a3.00_b1.00_bin5,0.6289,0.7045,0.4784,0.5226,0.0108,7.58,1171,0.0001,768,403,0.6558,0.3442,6,14,1165,1151,2025-10-28 06:22:07,2025-10-28 06:22:15
task3,ADX_TFR_a3.00_b1.00_bin6,0.6248,0.7045,0.4714,0.4411,0.0017,7.53,1171,0.0001,768,403,0.6558,0.3442,17,32,1154,1122,2025-10-28 06:22:15,2025-10-28 06:22:23
task3,ADX_TFR_a3.00_b1.00_bin7,0.6263,0.7045,0.4836,0.5753,0.0085,7.62,1171,0.0001,768,403,0.6558,0.3442,285,324,886,562,2025-10-28 06:22:23,2025-10-28 06:22:31
task3,ADX_TFR_a3.00_b1.00_bin8,0.6213,0.7045,0.4691,0.4761,0.0004,8.07,1171,0.0001,768,403,0.6558,0.3442,649,676,522,-154,2025-10-28 06:22:32,2025-10-28 06:22:40
task3,ADX_TFR_a3.00_b1.00_bin9,0.6170,0.7045,0.5000,0.5162,0.0027,7.51,1171,0.0001,768,403,0.6558,0.3442,704,736,467,-269,2025-10-28 06:22:40,2025-10-28 06:22:48
task3,ADX_TFR_a3.00_b1.00_bin10,0.6169,0.7045,0.5000,0.5000,0.0000,7.58,1171,0.0001,768,403,0.6558,0.3442,930,947,241,-706,2025-10-28 06:22:48,2025-10-28 06:22:56
task1,ADX_TFR_a3.00_b1.00,0.6857,0.5000,0.7842,0.6909,0.0264,7.69,1171,0.0001,654,517,0.5585,0.4415,0,0,1171,1171,2025-10-28 06:22:56,2025-10-28 06:23:04
task1,ADX_TFR_a3.00_b1.00_bin1,0.6803,0.5000,0.8051,0.7192,0.0016,7.56,1171,0.0001,654,517,0.5585,0.4415,0,0,1171,1171,2025-10-28 06:23:05,2025-10-28 06:23:12
task1,ADX_TFR_a3.00_b1.00_bin2,0.6920,0.5000,0.6693,0.7385,0.0687,8.17,1171,0.0001,654,517,0.5585,0.4415,0,0,1171,1171,2025-10-28 06:23:13,2025-10-28 06:23:21
task1,ADX_TFR_a3.00_b1.00_bin3,0.6923,0.4943,0.5857,0.6379,0.0077,7.55,1171,0.0001,654,517,0.5585,0.4415,5,12,1166,1154,2025-10-28 06:23:22,2025-10-28 06:23:29
task1,ADX_TFR_a3.00_b1.00_bin4,0.6956,0.5000,0.5495,0.5939,0.0016,7.61,1171,0.0001,654,517,0.5585,0.4415,67,81,1104,1023,2025-10-28 06:23:30,2025-10-28 06:23:37
task1,ADX_TFR_a3.00_b1.00_bin5,0.6889,0.5000,0.6587,0.6166,0.0032,7.60,1171,0.0001,654,517,0.5585,0.4415,6,14,1165,1151,2025-10-28 06:23:38,2025-10-28 06:23:45
task1,ADX_TFR_a3.00_b1.00_bin6,0.6947,0.5000,0.5453,0.5448,0.0032,7.60,1171,0.0001,654,517,0.5585,0.4415,17,32,1154,1122,2025-10-28 06:23:47,2025-10-28 06:23:55
task1,ADX_TFR_a3.00_b1.00_bin7,0.6937,0.5000,0.5121,0.4791,0.0014,8.51,1171,0.0001,654,517,0.5585,0.4415,285,324,886,562,2025-10-28 06:23:56,2025-10-28 06:24:04
task1,ADX_TFR_a3.00_b1.00_bin8,0.6963,0.5000,0.4757,0.6114,0.0005,7.69,1171,0.0001,654,517,0.5585,0.4415,649,676,522,-154,2025-10-28 06:24:05,2025-10-28 06:24:12
task1,ADX_TFR_a3.00_b1.00_bin9,0.6962,0.5000,0.5000,0.4715,0.0013,7.69,1171,0.0001,654,517,0.5585,0.4415,704,736,467,-269,2025-10-28 06:24:13,2025-10-28 06:24:21
task1,ADX_TFR_a3.00_b1.00_bin10,0.6971,0.5000,0.5000,0.5000,0.0000,7.68,1171,0.0001,654,517,0.5585,0.4415,930,947,241,-706,2025-10-28 06:24:21,2025-10-28 06:24:29
task2,BAG_TFR_a3.00_b1.00,0.6566,0.7674,0.4242,0.4265,0.0157,6.65,281,0.0001,227,54,0.8078,0.1922,0,0,281,281,2025-10-28 12:20:14,2025-10-28 12:20:20
task2,BAG_TFR_a3.00_b1.00_bin1,0.6682,0.7674,0.5485,0.4637,0.0774,6.38,281,0.0001,227,54,0.8078,0.1922,0,0,281,281,2025-10-28 12:20:21,2025-10-28 12:20:27
task2,BAG_TFR_a3.00_b1.00_bin2,0.6756,0.7674,0.4061,0.5327,0.0414,6.44,281,0.0001,227,54,0.8078,0.1922,4,7,277,270,2025-10-28 12:20:28,2025-10-28 12:20:34
task2,BAG_TFR_a3.00_b1.00_bin3,0.6736,0.7674,0.4909,0.5722,0.0710,6.78,281,0.0001,227,54,0.8078,0.1922,69,73,212,139,2025-10-28 12:20:35,2025-10-28 12:20:41
task2,BAG_TFR_a3.00_b1.00_bin4,0.6786,0.7674,0.5848,0.5784,0.0183,6.43,281,0.0001,227,54,0.8078,0.1922,17,18,264,246,2025-10-28 12:20:42,2025-10-28 12:20:48
task2,BAG_TFR_a3.00_b1.00_bin5,0.6664,0.7674,0.4909,0.3412,0.0645,6.42,281,0.0001,227,54,0.8078,0.1922,1,2,280,278,2025-10-28 12:20:49,2025-10-28 12:20:55
task2,BAG_TFR_a3.00_b1.00_bin6,0.6665,0.7674,0.4030,0.4494,0.0314,6.71,281,0.0001,227,54,0.8078,0.1922,0,1,281,280,2025-10-28 12:20:56,2025-10-28 12:21:03
task2,BAG_TFR_a3.00_b1.00_bin7,0.6560,0.7674,0.5970,0.4208,0.0251,6.42,281,0.0001,227,54,0.8078,0.1922,16,19,265,246,2025-10-28 12:21:03,2025-10-28 12:21:10
task2,BAG_TFR_a3.00_b1.00_bin8,0.6665,0.7674,0.3848,0.3171,0.0691,6.72,281,0.0001,227,54,0.8078,0.1922,47,53,234,181,2025-10-28 12:21:10,2025-10-28 12:21:17
task2,BAG_TFR_a3.00_b1.00_bin9,0.6689,0.7674,0.5000,0.5000,0.0000,6.45,281,0.0001,227,54,0.8078,0.1922,253,261,28,-233,2025-10-28 12:21:18,2025-10-28 12:21:24
task2,BAG_TFR_a3.00_b1.00_bin10,0.6788,0.7674,0.5000,0.7388,0.0168,6.59,281,0.0001,227,54,0.8078,0.1922,207,212,74,-138,2025-10-28 12:21:25,2025-10-28 12:21:31
task3,BAG_TFR_a3.00_b1.00,0.6870,0.6047,0.4118,0.4393,0.0323,6.77,281,0.0001,173,108,0.6157,0.3843,0,0,281,281,2025-10-28 12:21:32,2025-10-28 12:21:39
task3,BAG_TFR_a3.00_b1.00_bin1,0.6821,0.6047,0.3982,0.4530,0.0130,6.43,281,0.0001,173,108,0.6157,0.3843,0,0,281,281,2025-10-28 12:21:39,2025-10-28 12:21:45
task3,BAG_TFR_a3.00_b1.00_bin2,0.6878,0.6047,0.4548,0.4575,0.0300,6.42,281,0.0001,173,108,0.6157,0.3843,4,7,277,270,2025-10-28 12:21:46,2025-10-28 12:21:52
task3,BAG_TFR_a3.00_b1.00_bin3,0.6874,0.6047,0.4717,0.5361,0.0074,6.53,281,0.0001,173,108,0.6157,0.3843,69,73,212,139,2025-10-28 12:21:53,2025-10-28 12:22:00
task3,BAG_TFR_a3.00_b1.00_bin4,0.6863,0.6047,0.5452,0.5400,0.0129,6.85,281,0.0001,173,108,0.6157,0.3843,17,18,264,246,2025-10-28 12:22:00,2025-10-28 12:22:07
task3,BAG_TFR_a3.00_b1.00_bin5,0.6859,0.6047,0.4887,0.6111,0.0088,6.42,281,0.0001,173,108,0.6157,0.3843,1,2,280,278,2025-10-28 12:22:07,2025-10-28 12:22:14
task3,BAG_TFR_a3.00_b1.00_bin6,0.6884,0.6047,0.4072,0.4302,0.0384,6.45,281,0.0001,173,108,0.6157,0.3843,0,1,281,280,2025-10-28 12:22:14,2025-10-28 12:22:21
task3,BAG_TFR_a3.00_b1.00_bin7,0.6856,0.6047,0.4095,0.4802,0.0129,6.39,281,0.0001,173,108,0.6157,0.3843,16,19,265,246,2025-10-28 12:22:21,2025-10-28 12:22:28
task3,BAG_TFR_a3.00_b1.00_bin8,0.6844,0.6047,0.4434,0.6169,0.0134,6.40,281,0.0001,173,108,0.6157,0.3843,47,53,234,181,2025-10-28 12:22:28,2025-10-28 12:22:35
task3,BAG_TFR_a3.00_b1.00_bin9,0.6885,0.6047,0.5000,0.5000,0.0000,6.92,281,0.0001,173,108,0.6157,0.3843,253,261,28,-233,2025-10-28 12:22:35,2025-10-28 12:22:42
task3,BAG_TFR_a3.00_b1.00_bin10,0.6858,0.6047,0.5000,0.5552,0.0158,6.41,281,0.0001,173,108,0.6157,0.3843,207,212,74,-138,2025-10-28 12:22:43,2025-10-28 12:22:49
task1,BAG_TFR_a3.00_b1.00,0.6782,0.6744,0.7980,0.8544,0.0091,6.40,281,0.0001,193,88,0.6868,0.3132,0,0,281,281,2025-10-28 12:22:50,2025-10-28 12:22:56
task1,BAG_TFR_a3.00_b1.00_bin1,0.6708,0.6744,0.8744,0.8531,0.0103,6.55,281,0.0001,193,88,0.6868,0.3132,0,0,281,281,2025-10-28 12:22:57,2025-10-28 12:23:03
task1,BAG_TFR_a3.00_b1.00_bin2,0.6800,0.6744,0.6773,0.8417,0.0087,6.37,281,0.0001,193,88,0.6868,0.3132,4,7,277,270,2025-10-28 12:23:04,2025-10-28 12:23:10
task1,BAG_TFR_a3.00_b1.00_bin3,0.6847,0.6744,0.6552,0.9083,0.0404,7.18,281,0.0001,193,88,0.6868,0.3132,69,73,212,139,2025-10-28 12:23:11,2025-10-28 12:23:18
task1,BAG_TFR_a3.00_b1.00_bin4,0.6854,0.6744,0.6675,0.7278,0.0810,6.43,281,0.0001,193,88,0.6868,0.3132,17,18,264,246,2025-10-28 12:23:18,2025-10-28 12:23:25
task1,BAG_TFR_a3.00_b1.00_bin5,0.6588,0.6744,0.7980,0.8225,0.0082,6.57,281,0.0001,193,88,0.6868,0.3132,1,2,280,278,2025-10-28 12:23:25,2025-10-28 12:23:32
task1,BAG_TFR_a3.00_b1.00_bin6,0.6786,0.6744,0.7094,0.8381,0.0643,6.39,281,0.0001,193,88,0.6868,0.3132,0,1,281,280,2025-10-28 12:23:33,2025-10-28 12:23:39
task1,BAG_TFR_a3.00_b1.00_bin7,0.6807,0.6744,0.8374,0.6692,0.2318,6.47,281,0.0001,193,88,0.6868,0.3132,16,19,265,246,2025-10-28 12:23:39,2025-10-28 12:23:46
task1,BAG_TFR_a3.00_b1.00_bin8,0.6742,0.6744,0.9039,0.9336,0.0160,6.41,281,0.0001,193,88,0.6868,0.3132,47,53,234,181,2025-10-28 12:23:46,2025-10-28 12:23:53
task1,BAG_TFR_a3.00_b1.00_bin9,0.6845,0.6744,0.5000,0.5000,0.0000,7.17,281,0.0001,193,88,0.6868,0.3132,253,261,28,-233,2025-10-28 12:23:53,2025-10-28 12:24:01
task1,BAG_TFR_a3.00_b1.00_bin10,0.6816,0.6744,0.5000,0.7467,0.1424,6.43,281,0.0001,193,88,0.6868,0.3132,207,212,74,-138,2025-10-28 12:24:01,2025-10-28 12:24:08
task2,DERC_TFR_a3.00_b1.00,0.5269,0.7869,0.4824,0.5551,0.0168,7.87,807,0.0001,648,159,0.8030,0.1970,0,0,807,807,2025-10-30 08:13:31,2025-10-30 08:13:39
task2,DERC_TFR_a3.00_b1.00_bin1,0.5431,0.7869,0.4383,0.3956,0.0092,7.14,807,0.0001,648,159,0.8030,0.1970,0,0,807,807,2025-10-30 08:13:40,2025-10-30 08:13:47
task2,DERC_TFR_a3.00_b1.00_bin2,0.5316,0.7869,0.5317,0.4666,0.0057,7.18,807,0.0001,648,159,0.8030,0.1970,0,0,807,807,2025-10-30 08:13:48,2025-10-30 08:13:55
task2,DERC_TFR_a3.00_b1.00_bin3,0.5497,0.7869,0.5401,0.4877,0.0095,7.35,807,0.0001,648,159,0.8030,0.1970,0,0,807,807,2025-10-30 08:13:55,2025-10-30 08:14:03
task2,DERC_TFR_a3.00_b1.00_bin4,0.5249,0.7869,0.5196,0.4792,0.0061,7.06,807,0.0001,648,159,0.8030,0.1970,3,7,804,797,2025-10-30 08:14:03,2025-10-30 08:14:10
task2,DERC_TFR_a3.00_b1.00_bin5,0.5456,0.7869,0.5140,0.5156,0.0049,7.12,807,0.0001,648,159,0.8030,0.1970,0,0,807,807,2025-10-30 08:14:11,2025-10-30 08:14:18
task2,DERC_TFR_a3.00_b1.00_bin6,0.5140,0.7869,0.5938,0.6464,0.0269,7.36,807,0.0001,648,159,0.8030,0.1970,0,1,807,806,2025-10-30 08:14:19,2025-10-30 08:14:26
task2,DERC_TFR_a3.00_b1.00_bin7,0.5013,0.7869,0.6442,0.3871,0.0078,7.04,807,0.0001,648,159,0.8030,0.1970,6,14,801,787,2025-10-30 08:14:27,2025-10-30 08:14:34
task2,DERC_TFR_a3.00_b1.00_bin8,0.5267,0.7869,0.4595,0.5015,0.0035,7.39,807,0.0001,648,159,0.8030,0.1970,46,64,761,697,2025-10-30 08:14:34,2025-10-30 08:14:42
task2,DERC_TFR_a3.00_b1.00_bin9,0.5313,0.7869,0.5397,0.4802,0.0224,7.02,807,0.0001,648,159,0.8030,0.1970,193,222,614,392,2025-10-30 08:14:42,2025-10-30 08:14:49
task2,DERC_TFR_a3.00_b1.00_bin10,0.5771,0.7869,0.6987,0.4664,0.0504,7.01,807,0.0001,648,159,0.8030,0.1970,433,455,374,-81,2025-10-30 08:14:50,2025-10-30 08:14:57
task3,DERC_TFR_a3.00_b1.00,0.6733,0.6230,0.5103,0.4629,0.0040,7.13,807,0.0001,483,324,0.5985,0.4015,0,0,807,807,2025-10-30 08:14:57,2025-10-30 08:15:05
task3,DERC_TFR_a3.00_b1.00_bin1,0.6780,0.6230,0.4751,0.4461,0.0019,6.99,807,0.0001,483,324,0.5985,0.4015,0,0,807,807,2025-10-30 08:15:05,2025-10-30 08:15:12
task3,DERC_TFR_a3.00_b1.00_bin2,0.6789,0.6230,0.4805,0.5472,0.0068,7.00,807,0.0001,483,324,0.5985,0.4015,0,0,807,807,2025-10-30 08:15:13,2025-10-30 08:15:20
task3,DERC_TFR_a3.00_b1.00_bin3,0.6792,0.6230,0.4156,0.4613,0.0075,7.04,807,0.0001,483,324,0.5985,0.4015,0,0,807,807,2025-10-30 08:15:21,2025-10-30 08:15:28
task3,DERC_TFR_a3.00_b1.00_bin4,0.6799,0.6230,0.4837,0.4466,0.0120,7.48,807,0.0001,483,324,0.5985,0.4015,3,7,804,797,2025-10-30 08:15:28,2025-10-30 08:15:36
task3,DERC_TFR_a3.00_b1.00_bin5,0.6772,0.6230,0.4625,0.4530,0.0177,7.12,807,0.0001,483,324,0.5985,0.4015,0,0,807,807,2025-10-30 08:15:36,2025-10-30 08:15:43
task3,DERC_TFR_a3.00_b1.00_bin6,0.6736,0.6230,0.4743,0.5403,0.0036,7.05,807,0.0001,483,324,0.5985,0.4015,0,1,807,806,2025-10-30 08:15:44,2025-10-30 08:15:51
task3,DERC_TFR_a3.00_b1.00_bin7,0.6747,0.6230,0.4744,0.4804,0.0140,7.03,807,0.0001,483,324,0.5985,0.4015,6,14,801,787,2025-10-30 08:15:52,2025-10-30 08:15:59
task3,DERC_TFR_a3.00_b1.00_bin8,0.6757,0.6230,0.5602,0.4161,0.0042,7.02,807,0.0001,483,324,0.5985,0.4015,46,64,761,697,2025-10-30 08:15:59,2025-10-30 08:16:06
task3,DERC_TFR_a3.00_b1.00_bin9,0.6813,0.6230,0.5461,0.5010,0.0041,7.55,807,0.0001,483,324,0.5985,0.4015,193,222,614,392,2025-10-30 08:16:07,2025-10-30 08:16:14
task3,DERC_TFR_a3.00_b1.00_bin10,0.6812,0.6230,0.5215,0.4489,0.0139,7.09,807,0.0001,483,324,0.5985,0.4015,433,455,374,-81,2025-10-30 08:16:15,2025-10-30 08:16:22
task1,DERC_TFR_a3.00_b1.00,0.6893,0.5328,0.6645,0.8263,0.0028,7.04,807,0.0001,442,365,0.5477,0.4523,0,0,807,807,2025-10-30 08:16:23,2025-10-30 08:16:30
task1,DERC_TFR_a3.00_b1.00_bin1,0.6866,0.5328,0.6696,0.6549,0.0008,7.03,807,0.0001,442,365,0.5477,0.4523,0,0,807,807,2025-10-30 08:16:30,2025-10-30 08:16:37
task1,DERC_TFR_a3.00_b1.00_bin2,0.6867,0.5328,0.7215,0.7960,0.0028,7.69,807,0.0001,442,365,0.5477,0.4523,0,0,807,807,2025-10-30 08:16:38,2025-10-30 08:16:45
task1,DERC_TFR_a3.00_b1.00_bin3,0.6881,0.5328,0.6408,0.6059,0.0293,7.08,807,0.0001,442,365,0.5477,0.4523,0,0,807,807,2025-10-30 08:16:46,2025-10-30 08:16:53
task1,DERC_TFR_a3.00_b1.00_bin4,0.6910,0.5328,0.5579,0.6581,0.0106,7.07,807,0.0001,442,365,0.5477,0.4523,3,7,804,797,2025-10-30 08:16:54,2025-10-30 08:17:01
task1,DERC_TFR_a3.00_b1.00_bin5,0.6910,0.5328,0.5746,0.6433,0.0116,7.08,807,0.0001,442,365,0.5477,0.4523,0,0,807,807,2025-10-30 08:17:01,2025-10-30 08:17:08
task1,DERC_TFR_a3.00_b1.00_bin6,0.6876,0.5328,0.6775,0.6481,0.0051,7.02,807,0.0001,442,365,0.5477,0.4523,0,1,807,806,2025-10-30 08:17:09,2025-10-30 08:17:16
task1,DERC_TFR_a3.00_b1.00_bin7,0.6889,0.5328,0.5912,0.5808,0.0057,7.07,807,0.0001,442,365,0.5477,0.4523,6,14,801,787,2025-10-30 08:17:17,2025-10-30 08:17:24
task1,DERC_TFR_a3.00_b1.00_bin8,0.6940,0.5328,0.2688,0.6569,0.0021,7.82,807,0.0001,442,365,0.5477,0.4523,46,64,761,697,2025-10-30 08:17:24,2025-10-30 08:17:32
task1,DERC_TFR_a3.00_b1.00_bin9,0.6902,0.5328,0.5943,0.6614,0.0030,7.05,807,0.0001,442,365,0.5477,0.4523,193,222,614,392,2025-10-30 08:17:33,2025-10-30 08:17:40
task1,DERC_TFR_a3.00_b1.00_bin10,0.6916,0.5328,0.4130,0.5365,0.0119,7.05,807,0.0001,442,365,0.5477,0.4523,433,455,374,-81,2025-10-30 08:17:40,2025-10-30 08:17:47
