from,to,timestamp,value,Temporal Ricci value,bin_edge,bin_pair
0xdd571023d95ff6ce5716bf112ccb752e86212167,0x2708cace7b42302af26f1ab896111d87faeff92f,1630709691,0.4403418545513804,17.409081018825855,9,9
0x089361ac2569fa866673902827f5440fe80f8d4a,0x18b5bae3e1409a16cdbfea2806f89edc6f4417c5,1630921595,0.9921199573834966,14.238606797780951,9,8
0xb0b0f09a99d8ad135a54487aa327ec899cd744f1,0x055b2907e94fa54ac9b6ffcde7cd51205a35b0d7,1630570731,0.9982291519008253,16.60765383923262,9,8
0xc18318a1935bcbdfe5fd5041b9a68b9f491e9a75,0x990a39431950071b0c2e17dc6e2ec5241803d42c,1632053040,0.9999117465282628,28.15990595972355,9,9
0xc18318a1935bcbdfe5fd5041b9a68b9f491e9a75,0x990a39431950071b0c2e17dc6e2ec5241803d42c,1632057094,0.9577345695464556,28.205949656725235,9,9
0xc18318a1935bcbdfe5fd5041b9a68b9f491e9a75,0xd13f412a16bf0ffa45f75e12edc2ded0c1203e94,1632136038,0.9869337967712366,19.897742720733074,9,9
0xfb3a365c2cb1789a464dcac18739cce878b80dc2,0x347bfff52d76e9410b51eb59f861ef06438d75ae,1636363382,0.9947322207842161,15.624854071212408,9,6
0x91ab81dabfd6f9a6ed70bd3c5647ef750152378a,0x0cf2b0b773b4606a80c3cb3734b9fecc596c9bd8,1627992670,0.9964819697873324,13.798564110130759,9,7
0x91ab81dabfd6f9a6ed70bd3c5647ef750152378a,0x0cf2b0b773b4606a80c3cb3734b9fecc596c9bd8,1637327391,0.9982378853073027,20.741099346339823,9,7
0x57c191389cb4cf776830564e35d2ce3c5b744531,0xce2553bcfde4d82e00c53107f16265f8031c0de4,1635777954,0.9964819697873324,17.70824763644753,9,6
0xa3cdad986765fb4d6dba35f960d094dafbc56ea2,0x59f6400246d18db7c2b8dca951c02c1df778bcce,1636833131,0.9903846145441096,20.197055062538492,9,4
0x03e9559671c95e4e66f35422c1cb4098e65b33ec,0x8974305fd30df317f23aaad47d8378f0821d2762,1630144563,0.9995445370301512,14.534544972577876,9,8
0x4aeefe844e6e4676acd6ab60eac38da69d986e69,0xe1b086488a9bb81f4b2c26a5b661ae3e793f8c4e,1628658478,0.9954540311159435,15.330410191313922,9,8
0xfdd5229553995230b8c4e75655b9c8026d056035,0xa52ed70ed8754ff407b81eb16a4e17fbb2536522,1633257657,0.9989419854471863,26.885469802526693,9,9
0xd81e324582d4153154d2440e0615c2d5a64334f2,0xa612e4985eb668b2cb87a9f9814e02bc9844ffdf,1628925181,0.9946064359144949,16.334484833398594,9,8
0xd81e324582d4153154d2440e0615c2d5a64334f2,0xa612e4985eb668b2cb87a9f9814e02bc9844ffdf,1629101693,0.9987791077106635,17.042683375367606,9,8
0xd3175b8c5688064cb9e75e7c451a643841a7fe52,0x5c53d0851eaf2a7ec033693b4b7618588e4b1df0,1633269353,0.9984704063403144,13.249129890647504,9,8
0x8f5e117858b96780ae6c0f2ac9616fd313b8a501,0x3fe2855f8472bb4c19ffe611f953b86c77d63631,1637004893,0.9999955869564201,26.562126072103094,9,9
0xea5dca8cac9c12df3ab5908a106c15ff024cb44f,0x98aed0128cb3ff500f51400f2828f760dcf424d4,1631718263,0.9999911739517898,25.132779259752162,9,9
0xea5dca8cac9c12df3ab5908a106c15ff024cb44f,0x98aed0128cb3ff500f51400f2828f760dcf424d4,1631718505,0.9714206810079695,25.25488933155572,9,9
0x2ad4ea80057bc3bae94a6abb01a26eb4cf794f3a,0xf69ff0ee372787a9a9a65a68f31c90a5862cb87d,1636576170,0.9835069430127554,15.910039448096164,9,8
0x4a29521748e47fcaafd73259fd6ec1da1fe4e7e1,0xf69ff0ee372787a9a9a65a68f31c90a5862cb87d,1636033293,0.9742297715529867,14.05101072774292,9,8
0x3c686e9b1e5e9429880f6d0fe8cc316a90e1af94,0xf69ff0ee372787a9a9a65a68f31c90a5862cb87d,1636033720,0.9658994003324296,15.983805397841477,9,8
0xb8255c5955202f833a380c4599a66b4a01de9896,0xf69ff0ee372787a9a9a65a68f31c90a5862cb87d,1636567906,0.9826624673815442,16.788942730657425,9,8
0x6da2de5eae6688a7cc341df60039cf4616862775,0xf69ff0ee372787a9a9a65a68f31c90a5862cb87d,1636576067,0.9843614234892636,15.911619956378717,9,8
0x9399c41252659673cff1eb20cbd7f6673ca2fe42,0xf69ff0ee372787a9a9a65a68f31c90a5862cb87d,1636576093,0.9767241359244945,15.897686994738864,9,8
0xec50f435e4590c516fdae5b02192f532f1d1fdc2,0xf69ff0ee372787a9a9a65a68f31c90a5862cb87d,1636576067,0.9750430271121366,15.894627553012235,9,8
0x4cff7ec983ff63619771100696d42475a74de1eb,0xf69ff0ee372787a9a9a65a68f31c90a5862cb87d,1636576033,0.9758828575265166,15.896165927268074,9,8
0x6eb354187d2010445b58aa582ac76eaf9aa97b78,0xf69ff0ee372787a9a9a65a68f31c90a5862cb87d,1635805054,0.9852173900189035,16.05937035361615,9,8
0x1f3d9a3e662ac720a5eab4960b324f85c3708f2f,0xf69ff0ee372787a9a9a65a68f31c90a5862cb87d,1636765330,0.9763033154936075,15.855597177540961,9,8
0x95e31b35a21ceb147e7a7a9eba64ea0e0f5d4ac4,0xf69ff0ee372787a9a9a65a68f31c90a5862cb87d,1636765330,0.9752528491717538,15.853704229116754,9,8
0x7c888281d4f84752f983d8f9b043cc2fe3ebcd42,0xf69ff0ee372787a9a9a65a68f31c90a5862cb87d,1636765330,0.9835069430127554,15.868581174258432,9,8
0xefca10489968944a2662983263c64484b2a7bd4a,0x77767cd5fe788ee489e0c58819234a8d2813486d,1631405322,0.9742046409462287,19.297995993413547,9,9
0xd3ed83f2950c303842debd1348ed189e395d4f65,0x638a68534bc932de60e25dae1a007b19002b3767,1628004851,0.9977130969624874,26.390825297138846,9,9
0xd3ed83f2950c303842debd1348ed189e395d4f65,0x638a68534bc932de60e25dae1a007b19002b3767,1628033248,0.9973690844905406,26.281672385820464,9,9
0xd3ed83f2950c303842debd1348ed189e395d4f65,0x638a68534bc932de60e25dae1a007b19002b3767,1628063644,0.9884472387781528,26.209593099458537,9,9
0xd3ed83f2950c303842debd1348ed189e395d4f65,0x638a68534bc932de60e25dae1a007b19002b3767,1628159213,0.9923068701191606,25.813054293265793,9,9
0xd3ed83f2950c303842debd1348ed189e395d4f65,0x638a68534bc932de60e25dae1a007b19002b3767,1628181286,0.9854546703858235,25.76344081569859,9,9
0xd3ed83f2950c303842debd1348ed189e395d4f65,0x638a68534bc932de60e25dae1a007b19002b3767,1628189220,0.9880757818087086,25.719501328746734,9,9
0xd3ed83f2950c303842debd1348ed189e395d4f65,0x638a68534bc932de60e25dae1a007b19002b3767,1628225679,0.9917669331745105,25.595521406156813,9,9
0x5ce95aa6a8190238cab8255599793334a75554fc,0xd63f7fa6601eeccd0fbd507312dfa67d0fe370ba,1635935298,0.9973591546971086,20.037118596802785,9,9
0x5ce95aa6a8190238cab8255599793334a75554fc,0xd63f7fa6601eeccd0fbd507312dfa67d0fe370ba,1635940709,0.9997793955243235,20.03290596683836,9,9
0x5ce95aa6a8190238cab8255599793334a75554fc,0x568d19f28d550127577f3c371fc22a5514054968,1637507302,0.9997749844275988,18.994910735582955,9,9
0x175fb1a6226c21e6e8080c755ef6be74cf7cd07e,0x40f5a6910bfc175882e36889ff24f85bf9f5ce77,1632129465,0.9999558713168768,19.757770496565488,9,9
0x175fb1a6226c21e6e8080c755ef6be74cf7cd07e,0x40f5a6910bfc175882e36889ff24f85bf9f5ce77,1632129733,0.987175141779857,19.843015445015702,9,9
0x175fb1a6226c21e6e8080c755ef6be74cf7cd07e,0xdc8ea58fa6a2b08a8478ebfbe5fa197fd8305411,1633024894,0.996841602372807,22.075293921017582,9,9
0x79d59b4c34c0e587be2cfcb10fbe8d6144940539,0xe5a64a685c6224f7d778f5f0c4848d45188d4ed8,1631025573,0.9960685175334225,15.663631720256717,9,8
0xc1bbd938f3886edc0ece45cf8efd6e9343128620,0xf4a213e3e00915bd10c546e80e3bf19fce995dc5,1632626743,0.9903846145441096,18.65007746732608,9,7
0x1d124477d8aa54294b95b9cd946a7baf9853dedf,0x1dadc07f4b361504364d7bcbe6b4ab085f2fd0b2,1628063788,0.9959236133692714,14.965933032421662,9,8
0x1d124477d8aa54294b95b9cd946a7baf9853dedf,0x1dadc07f4b361504364d7bcbe6b4ab085f2fd0b2,1628064226,0.9960220650994103,14.965423856790927,9,8
0x1d124477d8aa54294b95b9cd946a7baf9853dedf,0x1dadc07f4b361504364d7bcbe6b4ab085f2fd0b2,1628065910,0.9958504761580808,14.96675139735787,9,8
0x1d124477d8aa54294b95b9cd946a7baf9853dedf,0x1dadc07f4b361504364d7bcbe6b4ab085f2fd0b2,1628066778,0.9958250930191248,14.967058921983398,9,8
0x1d124477d8aa54294b95b9cd946a7baf9853dedf,0x1dadc07f4b361504364d7bcbe6b4ab085f2fd0b2,1628075786,0.9957187733309965,14.969306983571144,9,8
0x1d124477d8aa54294b95b9cd946a7baf9853dedf,0x1dadc07f4b361504364d7bcbe6b4ab085f2fd0b2,1628084451,0.995709572320291,14.970904914317575,9,8
0x8d715753cc31af4d043e84d9c1f513ea5b4dfc33,0xb2222f73a19a38fcb1afccadb1e5a19f92f0aaf0,1631586651,0.9996428112921655,16.686269855300207,9,8
0x8d715753cc31af4d043e84d9c1f513ea5b4dfc33,0xb2222f73a19a38fcb1afccadb1e5a19f92f0aaf0,1636007713,0.9998217205394823,16.935178920986232,9,8
0x1911117b8c0ee289665b873c430bdfbc98e80806,0xe383040f45884f2cb7e23213455aaa4133677492,1633867537,0.9996489615591728,17.686020572598416,9,9
0x1911117b8c0ee289665b873c430bdfbc98e80806,0xe383040f45884f2cb7e23213455aaa4133677492,1635680740,0.9996841041887811,17.872711703341977,9,9
0xd18992db12494f18f0fd2e4a05c1596aced9131e,0x241ba3f98eeb8c8412c0fd62efd59a0c7fcb1070,1631878085,0.9983943150583057,14.720105927277023,9,8
0x2c6de6e4c2b419c7d68b7ede3ac4030586c7b83e,0xaff18293848ba0466620898c0ff7543f047b284d,1629458076,0.9994591143060234,14.093762147189839,9,8
0x2c6de6e4c2b419c7d68b7ede3ac4030586c7b83e,0x64064d44438be8d45f8f39da320d957960f87d55,1630711424,0.9980113621033028,14.15556300565548,9,8
0x789ff532eb48ad31708a6a06c0f23fa33b868be5,0x7ecd9411c5129cb95b907f705f24966af7bc31e9,1628274493,0.9997085828145177,15.389754963937646,9,8
0x789ff532eb48ad31708a6a06c0f23fa33b868be5,0x7ecd9411c5129cb95b907f705f24966af7bc31e9,1631291456,0.9997194212858694,15.61542705080825,9,8
0x789ff532eb48ad31708a6a06c0f23fa33b868be5,0x7ecd9411c5129cb95b907f705f24966af7bc31e9,1633270940,0.9989298313007505,15.12791626255563,9,8
0xceb146f7ba2a47ed6aa13ca6c6837331326cf361,0x0ea1d8f93827c5c758420f1e312441ad64371cde,1634837594,0.9960548064959818,22.753171479576352,9,9
0xceb146f7ba2a47ed6aa13ca6c6837331326cf361,0x0ea1d8f93827c5c758420f1e312441ad64371cde,1635159367,0.9997818657554916,22.69751368226557,9,9
0xad09c0dce63b8effa247dea0ee34865cc15f1ea9,0x8a4b178b9db4432493fc3d6d93063bffa9858363,1628427781,0.9529913627685167,17.995026887801625,9,9
0xad09c0dce63b8effa247dea0ee34865cc15f1ea9,0x8a4b178b9db4432493fc3d6d93063bffa9858363,1628931873,0.978261524642738,17.723598755303932,9,9
0x33b8ba9a2136083da158a17e6bc05fecda1ddbb1,0x944b4b06686bc3ef3ac1b588f1bb1e1fda89cf90,1636011101,0.999873697940459,13.993648583458663,9,8
0x33b8ba9a2136083da158a17e6bc05fecda1ddbb1,0x944b4b06686bc3ef3ac1b588f1bb1e1fda89cf90,1636020122,0.9998090287053416,13.993648597439392,9,8
0x62e4e8fbd07b453ebf626523b6a068ecd5643c50,0x6f51cf53c0e80dbb1728498409bf7d691e5d451a,1630545323,0.9999474413388555,24.86808816343927,9,9
0x62e4e8fbd07b453ebf626523b6a068ecd5643c50,0x6f51cf53c0e80dbb1728498409bf7d691e5d451a,1636458252,0.9997944779261643,19.021943484131114,9,9
0x7ff242ce213b3579df8dc9fbdc42d151cec076f8,0x2470a9657fb7f452d88245dcdc125bc4ea0ac8a1,1629767965,0.9998543901245087,22.55390981349014,9,9
0x7ff242ce213b3579df8dc9fbdc42d151cec076f8,0x2470a9657fb7f452d88245dcdc125bc4ea0ac8a1,1633646538,0.9997970403004721,18.18210972718744,9,9
0xc581b346752dcd05f1c0b166f75d6a51ea2493c7,0x1ac5f59d2bca98cae8036e1c06b8a0ae23d027ca,1636001870,0.9998780777417547,16.847991358853275,9,8
0xc581b346752dcd05f1c0b166f75d6a51ea2493c7,0x1ac5f59d2bca98cae8036e1c06b8a0ae23d027ca,1636002880,0.9997770078703588,16.847946131175057,9,8
0xe81b4a2b2e7cf0835b9198ba00a27d625532c21a,0xe81b4a2b2e7cf0835b9198ba00a27d625532c21a,1628813994,0.9999117465282628,19.01828824479117,9,9
0xe81b4a2b2e7cf0835b9198ba00a27d625532c21a,0xe81b4a2b2e7cf0835b9198ba00a27d625532c21a,1629323207,0.9993777411252249,19.087237820093478,9,9
0xe9d6661a980563eecaa71784b42c91157bb35a03,0x120d35e0caeb56e37db64080f990fa2885083ce5,1631384051,0.9998235086325017,17.268745382187763,9,9
0x6f7155ae6d40092c973e61495ba4e9f614e7cf48,0x120d35e0caeb56e37db64080f990fa2885083ce5,1631371596,0.9998235086325017,17.272130955127654,9,9
0xdd456b617ff5c29fa839f79aef2af3a0888f820f,0x120d35e0caeb56e37db64080f990fa2885083ce5,1631380486,0.9998235086325017,17.26971490785189,9,9
0x58db7c8f8f621f12a2a84b65b95173bc8bf99202,0x120d35e0caeb56e37db64080f990fa2885083ce5,1631419519,0.9998235086325017,17.25907917550309,9,9
0xd1db37b5447b30230b3fcffccac2630619e2956c,0x120d35e0caeb56e37db64080f990fa2885083ce5,1631463020,0.9998235086325017,17.247173645475623,9,9
0x8f8ce1b1dc886a50881056161cc29ce213659b6e,0x120d35e0caeb56e37db64080f990fa2885083ce5,1631556466,0.9998235086325017,17.221417626353,9,9
0x681b0f0d2472691e27e385b63eab278d1ec4bf37,0x120d35e0caeb56e37db64080f990fa2885083ce5,1631593582,0.9998235086325017,17.21112082666215,9,9
0xf35833a774063e0300c32f54f777c22f44d81bb4,0x120d35e0caeb56e37db64080f990fa2885083ce5,1631597050,0.9998235086325017,17.210156832270243,9,9
0x1743af16542b4672aab774bf9afcd64918db18f0,0x120d35e0caeb56e37db64080f990fa2885083ce5,1631601389,0.9998235086325017,17.2089502749117,9,9
0x76ab3ae2ff73c205d252fbe1704c5e7f442c5f9a,0x120d35e0caeb56e37db64080f990fa2885083ce5,1631512074,0.9998235086325017,17.233683543613697,9,9
0x4c256bd4e86cc9b7637748cb9efcb9af28b31975,0x120d35e0caeb56e37db64080f990fa2885083ce5,1631538502,0.9998235086325017,17.226387786966338,9,9
0xfdf1846e848913cc55144d8256c19c95f433628c,0x120d35e0caeb56e37db64080f990fa2885083ce5,1631373560,0.9998235086325017,17.271597398982333,9,9
0xc73ce7f8c83ced41e65061da3c9a96cd93d8413f,0x120d35e0caeb56e37db64080f990fa2885083ce5,1631542768,0.9998235086325017,17.225208299485725,9,9
0x6528d9d5e4a6f123928b2e231b8916f08369ba10,0x120d35e0caeb56e37db64080f990fa2885083ce5,1631468157,0.9998235086325017,17.245764138588992,9,9
0x88489f632c7e5a6b7cdd998ad2cc325139354188,0x120d35e0caeb56e37db64080f990fa2885083ce5,1631376452,0.9998235086325017,17.270811525353984,9,9
0xe1eb9cf168db37c31b4bdf73511bf44e2b8027ef,0x25320ed802583713613fb62ebaaf85cdbc47987a,1631951459,0.9999117465282628,15.20412181273223,9,8
0xe1eb9cf168db37c31b4bdf73511bf44e2b8027ef,0x25320ed802583713613fb62ebaaf85cdbc47987a,1631951532,0.9826539447228052,15.226635566415807,9,8
0xe1eb9cf168db37c31b4bdf73511bf44e2b8027ef,0x25320ed802583713613fb62ebaaf85cdbc47987a,1631951627,0.9826539447228052,15.22654015107741,9,8
0x9be566162970c34bee9b37ca8c0cd140daf4a797,0x21053763cd83adc74b3533fa6715243eea94f846,1631787382,0.9944807588767975,14.583473126962154,9,8
0x9be566162970c34bee9b37ca8c0cd140daf4a797,0x21053763cd83adc74b3533fa6715243eea94f846,1633405765,0.9986929860094441,15.137967207103882,9,8
0x9be566162970c34bee9b37ca8c0cd140daf4a797,0x89e4e2490011bed875dfbfeb8d9125db8b33702b,1632458867,0.9956019425528781,14.288632889275307,9,8
0xe02f12246e63ae494355d4bd9325d944a8f77fed,0x95d0301c647fb4005c0c9c007fcbe44009e47e77,1632642995,0.9058621060441931,16.33613206252119,9,8
0xe02f12246e63ae494355d4bd9325d944a8f77fed,0x95d0301c647fb4005c0c9c007fcbe44009e47e77,1634908557,0.9915239519928025,16.458681919992948,9,8
0x3407eb4f2bdbd8d0f0242140fbc89b9f103b58ae,0x5057f4a811b53159287ac1631b276dab346ce11c,1635370978,0.9994707127267742,23.95849136271478,9,9
0x3407eb4f2bdbd8d0f0242140fbc89b9f103b58ae,0x79c10bd93d1e115b4ac84175fbe98a382568e3df,1635382322,0.9999779351715925,25.381952748116966,9,9
0x3407eb4f2bdbd8d0f0242140fbc89b9f103b58ae,0x79c10bd93d1e115b4ac84175fbe98a382568e3df,1637437572,0.9998235086325017,26.922254191560977,9,9
0xbc3523e50677a500e233bbc3c80d6d037af79500,0xa6d6b901da0f87462ea0c720aad34cbff7749ef7,1633393500,0.9996929451230289,17.044820636668003,9,9
0x0f6eed39497beaa1ffac2b649e2cd211ef10322c,0x33d43480beba542373aba21e7f2566ffe91acaa1,1637401122,0.9994736977457992,15.56596139165283,9,8
0xe7f429b5327b1b917f80777df8879268112dccac,0x90452cec848e1c14244f4cf6a3c6846f35ed58dd,1631521148,0.9912354828388952,19.902873307835126,9,9
0xf2829c9f714d058d56512df396ed7b0c56c910eb,0xc899344ba4b1108424ee9c5ab1a5ac7702e2bcb4,1631591705,0.994777340176402,20.508320193837513,9,9
0xdb6bdb4eb36c0efe661ac7ed7edc4a69adf86999,0x51db5d3e786d9e0761f3d35ba50ec08f29121884,1633269823,0.9999664618456277,21.88641169369373,9,9
0xc920786b01253609ec76b988424a61078fe779a1,0xe00e1f1f808a260715f8bcf569c8aef076cd267c,1631889129,0.9944263938114795,14.226047893229772,9,8
0x3bf6c943562e3aeff119153b68240c3cdd4cd0a2,0xab3cf47b0215cb850316e5c2ef18a67b59695ec3,1631862166,0.9991181657070694,21.718248087698704,9,9
0x3bf6c943562e3aeff119153b68240c3cdd4cd0a2,0xab3cf47b0215cb850316e5c2ef18a67b59695ec3,1631862450,0.9938596485841797,21.760491776726358,9,9
0x3bf6c943562e3aeff119153b68240c3cdd4cd0a2,0xab3cf47b0215cb850316e5c2ef18a67b59695ec3,1631982013,0.9938596485841797,21.647628032631932,9,9
0x3bf6c943562e3aeff119153b68240c3cdd4cd0a2,0xab3cf47b0215cb850316e5c2ef18a67b59695ec3,1633031652,0.9973591546971086,20.644017347860203,9,9
0x25641dcac76f1b23c8caff8a716f693f3e151b07,0xd0f0f91d151c5fabd94bfc1d6525efb1446f10da,1629530431,0.9964835026367602,16.528987736688123,9,8
0x1a3d9259734e1016f5b5043053e4540d3e0a1aaf,0x2821e36e2d48ab47cdfb1d5e51d771f8e8f0ece7,1631374528,0.9956176999928558,19.672377561602982,9,9
0x6e339365be3bbd4556d9df0aca628e6b182056bf,0x8939d706490b61c64bd2a72e95c86230e64563e4,1633058469,0.9999823480593766,19.710156260022334,9,9
0x6e339365be3bbd4556d9df0aca628e6b182056bf,0x8939d706490b61c64bd2a72e95c86230e64563e4,1633232379,0.9975339584360221,19.581218986759424,9,9
0x48ba8eef1010be5dbf25f18a7cdb576ac66ca3c4,0xd2002759e2dc42326a9faa10c1e29a20a0703bc0,1630707085,0.9912510928478646,19.143865710787058,9,9
0x48ba8eef1010be5dbf25f18a7cdb576ac66ca3c4,0xd2002759e2dc42326a9faa10c1e29a20a0703bc0,1630707132,0.9912510928478646,19.14385817019769,9,9
0xec193b3d86657ab0dcce9f33641cb7da6acefb0c,0x1b2e7503a3da1f16c11be33d35640e379c80b94a,1630759890,0.9990247719929258,22.347953452673924,9,9
0xd2002759e2dc42326a9faa10c1e29a20a0703bc0,0x1c4b70a3968436b9a0a9cf5205c787eb81bb558c,1630728305,0.9431276386098729,24.428668962533177,9,9
0x6466ca677a6089acf1292a7847e9bf48d21b1ec8,0x24b6452fad9ebaef1dccfd35722d00e4bd60fd7d,1634896458,0.9982378853073027,26.545470214244375,9,9
0x6466ca677a6089acf1292a7847e9bf48d21b1ec8,0xb59d676f5971d86eb1ca8573b0b0102c8deb6851,1634896571,0.9982378853073027,24.27282750346278,9,9
0x9893117455cf1e8ac3e58e41c5885ad5adb1c9ff,0x1ce274ec428db2441db5e6ae0425d0a8ec405b9f,1631381411,0.9967864736710368,20.324391397725087,9,9
0x9893117455cf1e8ac3e58e41c5885ad5adb1c9ff,0x1ce274ec428db2441db5e6ae0425d0a8ec405b9f,1633272403,0.9974446197829003,20.762823996700345,9,9
0x393ebfe030998ae13c9d7cd191f40c9a22c1fbed,0x6b37d8a26e090ab7b252b3c51e5ed51b52d9f820,1636912401,0.9957738412618924,26.584830379862886,9,4
0xcb3cb2e728def0c86b851f20a3936b4f61237858,0x850d9a0ba5a025ecf9570c56faa858c75f86c3e6,1629829471,0.998089707856166,17.638388206213516,9,9
0xcb3cb2e728def0c86b851f20a3936b4f61237858,0x850d9a0ba5a025ecf9570c56faa858c75f86c3e6,1630170548,0.9991047332033843,17.571840202183964,9,9
0xcb3cb2e728def0c86b851f20a3936b4f61237858,0x850d9a0ba5a025ecf9570c56faa858c75f86c3e6,1631467703,0.9984718861869183,17.319445332104046,9,9
0xcb3cb2e728def0c86b851f20a3936b4f61237858,0x850d9a0ba5a025ecf9570c56faa858c75f86c3e6,1631738806,0.9983697847001629,17.349308713471576,9,9
0x850d9a0ba5a025ecf9570c56faa858c75f86c3e6,0xcb3cb2e728def0c86b851f20a3936b4f61237858,1631289183,0.9971978567095222,17.297715110950573,9,9
0x850d9a0ba5a025ecf9570c56faa858c75f86c3e6,0xcb3cb2e728def0c86b851f20a3936b4f61237858,1634763243,0.9968466453406235,17.297586873266475,9,9
0x0abad7c9cdbd90424c9ae14b93db3d102fb6d9aa,0xb33e7756e7c019fdce25cfa62ce409b92f976c27,1630040541,0.9995588883598489,22.403639371848143,9,9
0xa21036d25c6ac0b67161fb48bfebbd91e6322742,0xc18318a1935bcbdfe5fd5041b9a68b9f491e9a75,1630854513,0.9742046409462287,21.299906625251072,9,9
0xa21036d25c6ac0b67161fb48bfebbd91e6322742,0x18b5bae3e1409a16cdbfea2806f89edc6f4417c5,1630933179,0.9189126431928397,15.07574836696261,9,8
0xf5e227e1f721211981dcad6fa657d1d19a1fb642,0xea0505d80b345651a18e0aba1159d89634c8b3d9,1630709023,0.9990300678097229,13.571413719909234,9,8
0x6a4e17a7aefcade62c0480121f7ddd487e5f48f0,0x1c4b70a3968436b9a0a9cf5205c787eb81bb558c,1630212965,0.922055762975169,24.47857248258567,9,9
0x6521e2ba4bea6c07e9fd89f84f1addd0834b334d,0x27540eca44bb37fb6ea7a6f4240263cd705a5f0e,1638365800,0.9982378853073027,26.1506055120204,9,9
0x6521e2ba4bea6c07e9fd89f84f1addd0834b334d,0x27540eca44bb37fb6ea7a6f4240263cd705a5f0e,1638720293,0.9988867275542599,26.860234350804596,9,9
0x90452cec848e1c14244f4cf6a3c6846f35ed58dd,0xe7f429b5327b1b917f80777df8879268112dccac,1631677163,0.9973591546971086,18.541450091741176,9,9
0x90452cec848e1c14244f4cf6a3c6846f35ed58dd,0xe7f429b5327b1b917f80777df8879268112dccac,1631682347,0.9993384784422031,18.459960740937206,9,9
0x90452cec848e1c14244f4cf6a3c6846f35ed58dd,0xe7f429b5327b1b917f80777df8879268112dccac,1631743730,0.9975786922807566,18.25108642099837,9,9
0xc273c5a595143970df3ace227e8107eb18ee7562,0x56ccc718bcbd8046c241e47424f57dbe8eccb057,1632795276,0.9982378853073027,15.796216140209177,9,4
0x22e20ad26e894d981c9b550dedb8e22a35ea53d3,0xee0df4bc035f3933a7f9317ed51b7237f7fe6549,1637240372,0.9991038894048789,14.384009554541166,9,8
0x0c1185dffc886b03d434cd1d102fb81ee9d36812,0x0c1185dffc886b03d434cd1d102fb81ee9d36812,1632465570,0.9999797003220323,13.454674285880339,9,8
0xc73da5668d34972fb210d3bb1fe7592e5716959e,0x600c596ddea23d7de10fed0a13d6a7cfe33fa914,1631585052,0.9953137843070621,17.572641627013617,9,9
0x62c11b39240f8528fe619b7065ac2569d2503cec,0x586c7c668be9e814dae275479f225d9afc8c397c,1637478221,0.9993578706142805,23.73571573126079,9,9
0x62c11b39240f8528fe619b7065ac2569d2503cec,0x586c7c668be9e814dae275479f225d9afc8c397c,1637911813,0.9993825526490739,23.602207048330076,9,9
0x62c11b39240f8528fe619b7065ac2569d2503cec,0x586c7c668be9e814dae275479f225d9afc8c397c,1639065969,0.9982377973568282,15.188677665590664,9,9
0xa9bb0c9d84ffae1dfada94291fc7b6fe2865cdaf,0xcd7b320c70a263ac187ba8143354715102fe6111,1635433393,0.9995588883598489,13.904566049296013,9,8
0x77e7ac87108c2cc460f27e5c49bff3202b072bed,0x255f8667a2760f91e143ab5fa455460e64b30af2,1633948607,0.9989630617277503,16.732761567120033,9,8
0x7afa32703ee947a7fef229036a5fc0432962d325,0x29488e5fd6bf9b3cc98a9d06a25204947cccbe4d,1695409487,0.9999894565240833,16.028532579008132,9,8
0x2d66914f7d74b621ec20116ee152563f36df3a00,0x7d0288d753aa20e8099bcc015e251de142defea2,1631507798,0.9932474487694207,19.14880572511588,9,9
0x2d66914f7d74b621ec20116ee152563f36df3a00,0x7d0288d753aa20e8099bcc015e251de142defea2,1632453455,0.9992093817076853,19.305616692467634,9,9
0x2d66914f7d74b621ec20116ee152563f36df3a00,0x7d0288d753aa20e8099bcc015e251de142defea2,1632981720,0.9961864656289416,19.59709805324034,9,9
0xe4765356396d280de0690cd763a4612a44778bba,0xfcc43775c59b773d04553c91ced97df4ccfd007c,1637446055,0.9999911739517898,19.474574487347546,9,9
0xe4765356396d280de0690cd763a4612a44778bba,0xfcc43775c59b773d04553c91ced97df4ccfd007c,1637446570,0.9990327707668253,19.47499555565058,9,9
0x70f3998b8113dfe804eea52ac142edf2bf073a3e,0x70f3998b8113dfe804eea52ac142edf2bf073a3e,1632370458,0.9999117465282628,16.472810829868134,9,8
0x70f3998b8113dfe804eea52ac142edf2bf073a3e,0x70f3998b8113dfe804eea52ac142edf2bf073a3e,1632370505,0.9998935958672353,16.472875516329392,9,8
0x19fe37ec5484023c9f1703d535f109a040dcb541,0x1fd2f34b8113d7619fca5e501dc4378d615f5944,1631654432,0.9988616380293684,19.582253635287675,9,9
0x19fe37ec5484023c9f1703d535f109a040dcb541,0x1fd2f34b8113d7619fca5e501dc4378d615f5944,1631751629,0.9992697555727663,19.45195369531109,9,9
0x87b7303c967d587e6965e40237289b30f7077413,0xc73da5668d34972fb210d3bb1fe7592e5716959e,1630716370,0.9959678544518105,17.595936979792775,9,9
0xd1f5715e1c5c7f85b9e2a9baf81eaa11aca6b718,0x9168fa10764f9b98c3499a149e61ed3ff398b396,1636087080,0.9999515878582386,13.617751395322234,9,4
0x29feaa65869e737ad53bfc2325bd8ffed8d27a07,0xd3213e3d502d15b533870b62c65c152e815a6497,1630717439,0.9742046409462287,13.42273466772531,9,8
0x29feaa65869e737ad53bfc2325bd8ffed8d27a07,0x2cc3948f51f786952dd51d4a962a5772597700a0,1633268668,0.9912510928478646,13.257039861642731,9,8
0x495e7580fe9bf5d921f2ce0e57d49b4979e8b33a,0x7a2bf0b4b551256e7bd150cc0f44f2ade42eab45,1636582499,0.9979358104885442,13.216304654767482,9,8
0xd3213e3d502d15b533870b62c65c152e815a6497,0x29feaa65869e737ad53bfc2325bd8ffed8d27a07,1630719491,0.9742046409462287,13.422105360292026,9,8
0x282734a29638ec46bf5452e13d99a116025bdf14,0xb8fe338e283f1f1347e84320062a169a98b9f4e0,1638398066,0.9999911739517898,13.671635688809566,9,8
0x282734a29638ec46bf5452e13d99a116025bdf14,0xb8fe338e283f1f1347e84320062a169a98b9f4e0,1639403872,0.9896147219047001,13.88473815242649,9,8
0x18b5bae3e1409a16cdbfea2806f89edc6f4417c5,0xc18318a1935bcbdfe5fd5041b9a68b9f491e9a75,1630922864,0.9742046409462287,24.25092775688442,9,9
0x18b5bae3e1409a16cdbfea2806f89edc6f4417c5,0x197d2286f299c323272c08d768d7fd987e1350f2,1636216519,0.9189044452026736,19.751748063402133,9,7
0x18b5bae3e1409a16cdbfea2806f89edc6f4417c5,0x7e51f9d6f1c97eba0e16f35780031ceb84f0cdf2,1631445463,0.9937532118167621,14.17732747894309,9,8
0xbf71ff6c55ac220a8a99a8cb7a5410798ac5ff49,0xf92908e3c129cdd7748b8b6edd5b4c844e224f5f,1630730406,0.9832534461304024,13.441125368842078,9,8
0x2895e412d60af197ff293f28174f67c1db0178e3,0xc60633d64e217425a17d574baa51d4d1f648d630,1640793562,0.9998339604804906,18.729931692157805,9,7
0x3758ce0911a1d8172681ac5cf130d1432fbbc627,0x9d0242ec06163c62d923f399475e046bfaf7748a,1630757979,0.999999117388168,22.109403823166684,9,9
0x3758ce0911a1d8172681ac5cf130d1432fbbc627,0x9d0242ec06163c62d923f399475e046bfaf7748a,1630758863,0.9997553227611672,22.109214077149566,9,9
0x3758ce0911a1d8172681ac5cf130d1432fbbc627,0x9d0242ec06163c62d923f399475e046bfaf7748a,1630762821,0.9997235748740166,22.107896538665944,9,9
0x3758ce0911a1d8172681ac5cf130d1432fbbc627,0x9d0242ec06163c62d923f399475e046bfaf7748a,1630789411,0.9997169900080541,22.098938502861643,9,9
0x3758ce0911a1d8172681ac5cf130d1432fbbc627,0x9d0242ec06163c62d923f399475e046bfaf7748a,1630869985,0.9995515189359006,22.07759948501134,9,9
0x3758ce0911a1d8172681ac5cf130d1432fbbc627,0x9d0242ec06163c62d923f399475e046bfaf7748a,1630964116,0.9996259193025727,22.078220744344865,9,9
0x3758ce0911a1d8172681ac5cf130d1432fbbc627,0x9d0242ec06163c62d923f399475e046bfaf7748a,1631011340,0.9996401754093825,22.078420316518674,9,9
0x38ee34c9ed43e107948c8df2c7bd402d3b87188a,0x0058f283ccdcf5ffc6b12ebdf967989c732a2735,1636830114,0.999250341689848,14.921961993274572,9,7
0xb76830c9ad69cdaf0c1826229b2e195ade7d36ad,0xea43634d90dd78fa51715c077ba8a6bcdafe7ebc,1630757850,0.996098855172483,21.585529186731442,9,9
0xb76830c9ad69cdaf0c1826229b2e195ade7d36ad,0xea43634d90dd78fa51715c077ba8a6bcdafe7ebc,1630759414,0.9956742643489147,21.585393919013406,9,9
0xb76830c9ad69cdaf0c1826229b2e195ade7d36ad,0xea43634d90dd78fa51715c077ba8a6bcdafe7ebc,1630760540,0.9949500705469033,21.585348788330197,9,9
0xb76830c9ad69cdaf0c1826229b2e195ade7d36ad,0xea43634d90dd78fa51715c077ba8a6bcdafe7ebc,1630762921,0.9939343887306843,21.5851892178407,9,9
0xb76830c9ad69cdaf0c1826229b2e195ade7d36ad,0xea43634d90dd78fa51715c077ba8a6bcdafe7ebc,1630765575,0.9935257393972436,21.584921021043968,9,9
0xb76830c9ad69cdaf0c1826229b2e195ade7d36ad,0xea43634d90dd78fa51715c077ba8a6bcdafe7ebc,1630797187,0.992855401603078,21.581191319224263,9,9
0xb76830c9ad69cdaf0c1826229b2e195ade7d36ad,0xea43634d90dd78fa51715c077ba8a6bcdafe7ebc,1630798658,0.9910325522567184,21.58124542006245,9,9
0x1611c227725c5e420ef058275ae772b41775e261,0x816e20d1d7f43e222e3f95e2bf4208f680e8ef5d,1635158926,0.9974845904023886,23.85261247762885,9,9
0x1611c227725c5e420ef058275ae772b41775e261,0x816e20d1d7f43e222e3f95e2bf4208f680e8ef5d,1635160288,0.9974848678063389,23.862813661072327,9,9
0xcb1550d24a881c16a95a49d0ca95efe01231ca9c,0x990a39431950071b0c2e17dc6e2ec5241803d42c,1631777773,0.9929002313287986,22.406309462701042,9,9
0xcb1550d24a881c16a95a49d0ca95efe01231ca9c,0x990a39431950071b0c2e17dc6e2ec5241803d42c,1634234245,0.9882379610930767,24.546285641502717,9,9
0xaec92327c514911ecc5f1441b2f7c5ec81245d3b,0x4df15e9c3e38aae5a6f48bb35087784536f89ffa,1630947565,0.9999823480593766,15.88223913917169,9,8
0xaec92327c514911ecc5f1441b2f7c5ec81245d3b,0x4df15e9c3e38aae5a6f48bb35087784536f89ffa,1630949264,0.9994883466088275,15.881512768456773,9,8
0xaec92327c514911ecc5f1441b2f7c5ec81245d3b,0x4df15e9c3e38aae5a6f48bb35087784536f89ffa,1630951817,0.9995152542593431,15.880575244063895,9,8
0x40c2d7e420f17ae19b2cfa0e8e69ad884dfa147a,0xe61f0e8ab0b23c118b5d106cc5c3097a7f475fea,1632381348,0.9999779351715925,16.862844114448436,9,9
0x1ce274ec428db2441db5e6ae0425d0a8ec405b9f,0x9893117455cf1e8ac3e58e41c5885ad5adb1c9ff,1633267920,0.9974446197829003,20.761997008008535,9,9
0x1ce274ec428db2441db5e6ae0425d0a8ec405b9f,0x9893117455cf1e8ac3e58e41c5885ad5adb1c9ff,1635432026,0.9989948330007612,20.69876295459397,9,9
0xb81791feb4e0342064cf4ef52f05d02b1689ace7,0x0f3ecfa3887f770a426667ce204f487f8b7a60f4,1631687354,0.9734555725881474,27.07470602485923,9,9
0xb81791feb4e0342064cf4ef52f05d02b1689ace7,0x0f3ecfa3887f770a426667ce204f487f8b7a60f4,1637312209,0.9740275181440307,23.931821208776146,9,9
0xb81791feb4e0342064cf4ef52f05d02b1689ace7,0x0f3ecfa3887f770a426667ce204f487f8b7a60f4,1637312431,0.9911270341470538,23.90054556179602,9,9
0x3cd1ea8de6ac1b4f306b5cc4c88dec9adb11c0b8,0x1c1e94ed4421f5613d5227ad809d868aaa085c56,1634623019,0.9994707127267742,18.00664681630556,9,9
0x5879237b6ff4c28e95f0eaaac79d760d120f70f0,0xacdb8cac7ce823d05613933619421f9c7e1eaff7,1632950609,0.9980403460182615,15.229164735264431,9,8
0x34272100c15492b56269134ed5927707afb14913,0xebfee07ced6778839a056909e520e3cdba6d9b56,1635806239,0.9953129833780672,15.662858435565207,9,8
0xe0a4d695734a148763dfe74e1607a38333c3d076,0xe0a4d695734a148763dfe74e1607a38333c3d076,1635242140,0.9999168639101316,22.263937083696767,9,9
0xe0a4d695734a148763dfe74e1607a38333c3d076,0xe0a4d695734a148763dfe74e1607a38333c3d076,1635371852,0.9999168639101316,22.307081603875446,9,9
0xd7690b7810d5d61e173f779cd257e4fcd1359d99,0x6911e2eef908176dd4f54853495c36c8119aaabc,1637441264,0.9991181657070694,13.324461007870797,9,8
0xd7690b7810d5d61e173f779cd257e4fcd1359d99,0x6911e2eef908176dd4f54853495c36c8119aaabc,1637441494,0.9826539447228052,13.39350387967009,9,8
0xd7690b7810d5d61e173f779cd257e4fcd1359d99,0x6911e2eef908176dd4f54853495c36c8119aaabc,1637684128,0.978637388273321,13.428884292565911,9,8
0x7458a1f99bf1549c5442995f23d910f5a8ff208b,0x1c595a24c88c155f0c10b4ba94405c7333b3cfe8,1633275122,0.9999602840099276,15.962823409392119,9,8
0x7458a1f99bf1549c5442995f23d910f5a8ff208b,0x1c595a24c88c155f0c10b4ba94405c7333b3cfe8,1637564575,0.9999322292135028,17.15831813369021,9,8
0x6c99a64f95bf6457463bfc9d77758ea63c635827,0x0739153a24276c58eb35a5fbba7b1a1aa572beb5,1632126358,0.9973591546971086,27.525020754426055,9,9
0x6c99a64f95bf6457463bfc9d77758ea63c635827,0x0739153a24276c58eb35a5fbba7b1a1aa572beb5,1632280696,0.9964433214545786,26.90558635154492,9,9
0x0f3ecfa3887f770a426667ce204f487f8b7a60f4,0xb81791feb4e0342064cf4ef52f05d02b1689ace7,1633689722,0.9734555725881474,26.23802079685063,9,9
0xcd7b320c70a263ac187ba8143354715102fe6111,0xa9bb0c9d84ffae1dfada94291fc7b6fe2865cdaf,1631728165,0.995824971345627,13.709354313548204,9,8
0xcd7b320c70a263ac187ba8143354715102fe6111,0xa9bb0c9d84ffae1dfada94291fc7b6fe2865cdaf,1635434463,0.9995588883598489,13.904499537685393,9,8
0x8a49353e47ab007dcaa6ef9374fae7c4f886cc5f,0x17442a366108cab8feefc19bf536009a971e69b1,1631835759,0.9998940977031644,15.650930717576207,9,8
0x8a49353e47ab007dcaa6ef9374fae7c4f886cc5f,0x17442a366108cab8feefc19bf536009a971e69b1,1631947740,0.9998367433240595,15.64134899670115,9,8
0xab3cf47b0215cb850316e5c2ef18a67b59695ec3,0x3bf6c943562e3aeff119153b68240c3cdd4cd0a2,1633300833,0.9991181657070694,20.320978639583835,9,9
0xab3cf47b0215cb850316e5c2ef18a67b59695ec3,0x3bf6c943562e3aeff119153b68240c3cdd4cd0a2,1633300965,0.9852173900189035,20.443147325859773,9,9
0x7faea0af323134d2cdd3c84a6e574816a14eb835,0xe2d08f253c8b58f5223d16059b8466299eb10f3f,1649672939,0.9999911739517898,13.531979755207079,9,7
0x7faea0af323134d2cdd3c84a6e574816a14eb835,0xe2d08f253c8b58f5223d16059b8466299eb10f3f,1649673531,0.9974549618407366,13.532653023153186,9,7
0xcd821cf1f60687222ffc998c944a6316e1147834,0xcd821cf1f60687222ffc998c944a6316e1147834,1639610094,0.999992081530355,27.999736933754964,9,4
0x656421fdec27c8309f5808664bc18649d315edef,0xe9a86b0d30f951f34e4ebbf50e8a4546f9b6c999,1633225756,0.9999955869564201,18.330474365445035,9,9
0x656421fdec27c8309f5808664bc18649d315edef,0xe9a86b0d30f951f34e4ebbf50e8a4546f9b6c999,1633225848,0.9992645349175963,18.330721355259847,9,9
0x18880030e3ee30d11d7b0fca479487847d876b81,0x29147d6d2a6ea8d1c3cef178d37c49745cc8bf0d,1632043926,0.9998025505729888,13.695533833050039,9,8
0x40f5a6910bfc175882e36889ff24f85bf9f5ce77,0x175fb1a6226c21e6e8080c755ef6be74cf7cd07e,1632406658,0.9871321377024519,21.0087265720593,9,9
0xacd38d18fccd9e7f60f9618ecfea8b3cc62bb5ce,0xdfde15ba3088eac8aab28d4512c28d4e26b0eaae,1632863863,0.9999911739517898,20.38718474964564,9,9
0xacd38d18fccd9e7f60f9618ecfea8b3cc62bb5ce,0xdfde15ba3088eac8aab28d4512c28d4e26b0eaae,1632867555,0.9912510928478646,20.410816259386007,9,9
0xacd38d18fccd9e7f60f9618ecfea8b3cc62bb5ce,0xdfde15ba3088eac8aab28d4512c28d4e26b0eaae,1632871455,0.9937288947707665,20.39746754626736,9,9
0xacd38d18fccd9e7f60f9618ecfea8b3cc62bb5ce,0xfec01e46f6f493af2033e24daeca60c1024f21a1,1632911377,0.9999823480593766,14.49173791518862,9,8
0xacd38d18fccd9e7f60f9618ecfea8b3cc62bb5ce,0xfec01e46f6f493af2033e24daeca60c1024f21a1,1632915938,0.9779043654327951,14.527355482158267,9,8
0xa3d0c260137c7efa479b43fba6b96483b5d9a078,0xf3883bd794bf05654929404a204cdc50ac5e79e9,1633938544,0.9826539447228052,16.26168722050837,9,8
0xa3d0c260137c7efa479b43fba6b96483b5d9a078,0xf3883bd794bf05654929404a204cdc50ac5e79e9,1635362598,0.9912510928478646,16.72175377851236,9,8
0xa3d0c260137c7efa479b43fba6b96483b5d9a078,0x18b5bae3e1409a16cdbfea2806f89edc6f4417c5,1635238642,0.949706617745735,19.135390670208206,9,9
0xa3d0c260137c7efa479b43fba6b96483b5d9a078,0xa21036d25c6ac0b67161fb48bfebbd91e6322742,1635362270,0.9997352863085931,17.287970857636502,9,9
0xa3d0c260137c7efa479b43fba6b96483b5d9a078,0xe3a4cf2de7dacf5685177737130268f32de8a256,1635781500,0.9934153812979654,15.378906010417678,9,8
0xbfa94c5b98f2c6325e6e8a24b1f0bd4cb67f50c2,0x9fa69536d1cda4a04cfb50688294de75b505a9ae,1635274382,0.9999558713168768,19.975401127675703,9,9
0x59fe56b7badde37075b488a4f3fcff0af8fea610,0x80d1179a1b7b3b32e3ddfc552dec830fa072d6db,1633533939,0.9998976274183425,15.869865128423623,9,8
0x18624615c67e3717f941fa6dc72d9ac6e8be87cd,0x2c89deb2f68e3cd642002ad444ff0829179a1710,1638380019,0.993310573954109,24.52328751353172,9,5
0xba190a7d3ecaa965d2efb6814668ce3307135366,0xff227805c40577fd44ccd5d98005d11a3c53a7de,1632936874,0.998897961906988,15.085794747226037,9,8
0xba190a7d3ecaa965d2efb6814668ce3307135366,0xdd4e5a5ff78944d2b3f1de1f8e4ffd1b82abcfcd,1634517392,0.998204205074056,15.810168693209015,9,8
0xac2caf9901a1a58ab871c0b56724ce5a3075681c,0x613e34ba0cfb4c510835bf081c02cfe36d176c50,1633534182,0.9975870714197783,14.988529588207996,9,8
0x7d7845869dcadeb4b0dca80b4225afb42c1b1829,0x80d1179a1b7b3b32e3ddfc552dec830fa072d6db,1633578161,0.9998235086325017,15.826414254443042,9,8
0xdfde15ba3088eac8aab28d4512c28d4e26b0eaae,0x8943afc5134bf768ece5448f4a23fa92290e68ee,1635241969,0.9742167998729552,20.07153051418915,9,9
0xae1fd047ce925920806e2e47c69ff5fef3d762c1,0x1798236e76d261fa26f14ec22592bfaacce280b3,1633805489,0.9999451662853798,15.069643096735792,9,8
0xae1fd047ce925920806e2e47c69ff5fef3d762c1,0x1798236e76d261fa26f14ec22592bfaacce280b3,1635360423,0.9997299866455592,15.245885136753833,9,8
0xefa3d7b3423dbedc19e293870aad1527061d8382,0xa8f88a3a926dd50a7ecbbf6650fd1699f599c4ac,1638504328,0.9933740545812941,18.42543354869235,9,9
0xefa3d7b3423dbedc19e293870aad1527061d8382,0xa8f88a3a926dd50a7ecbbf6650fd1699f599c4ac,1638851538,0.9973591546971086,18.07855514911085,9,9
0xefa3d7b3423dbedc19e293870aad1527061d8382,0xa8f88a3a926dd50a7ecbbf6650fd1699f599c4ac,1639609825,0.9999558713168768,18.019288719487992,9,9
0xcdaf268a79b6f43393d18d077b1b98daef697523,0xbe06f18a48d119b007eaf96a3642d786d173463c,1636429141,0.9997308954454769,16.2033704163561,9,8
0x626b0d4daf6028028b57232476b680db47d685e4,0x976f390fc9f3ac6da80dd36f68e263904a16784c,1638610619,0.9973450573263893,13.770502358994476,9,8
0x1402c2a6fb62a73819449d007d1875ff49ab2aa1,0x1402c2a6fb62a73819449d007d1875ff49ab2aa1,1633527484,0.9963345214319956,15.814062718255215,9,8
0xe9a86b0d30f951f34e4ebbf50e8a4546f9b6c999,0x656421fdec27c8309f5808664bc18649d315edef,1635111737,0.9999955869564201,18.251939503350116,9,9
0xe9a86b0d30f951f34e4ebbf50e8a4546f9b6c999,0x656421fdec27c8309f5808664bc18649d315edef,1635111837,0.999253854383349,18.252202565485653,9,9
0x330331ea6b3d10aab69b87d86478d6ab643a981b,0x642b15a995980eccb49e6475f44975ff1f50dab8,1635378354,0.99982880246708,13.696739242870137,9,8
0xa52ed70ed8754ff407b81eb16a4e17fbb2536522,0xfdd5229553995230b8c4e75655b9c8026d056035,1635408907,0.9989419854471863,26.309413570422674,9,9
0xb29e74d3b04ecf49128891fd70e7e68b07fdb57d,0xd6129da37dad28b70ba29e542e3a0a074084c626,1633269843,0.9999505761366232,26.640360211936713,9,9
0xa7f773e89ed72433d800ccb9e892e32f63b62173,0x47e53f5d505b15c305bb0099a715798c76995d8f,1637980620,0.9999117465282628,28.48813100364327,9,9
0xa7f773e89ed72433d800ccb9e892e32f63b62173,0x47e53f5d505b15c305bb0099a715798c76995d8f,1637981061,0.9912510928478646,28.502356710953148,9,9
0xa7f773e89ed72433d800ccb9e892e32f63b62173,0x47e53f5d505b15c305bb0099a715798c76995d8f,1637981545,0.9912510928478646,28.50232764649764,9,9
0x2cc3948f51f786952dd51d4a962a5772597700a0,0x29feaa65869e737ad53bfc2325bd8ffed8d27a07,1633269945,0.9912840489258653,13.256319603814793,9,8
0xa15dad2b9817deb2b272df25afa54ba2991d75b6,0xa15dad2b9817deb2b272df25afa54ba2991d75b6,1636010586,0.9987101738351079,14.976716509956747,9,8
0x37e19aed4b6c9b7189012f16ec939c29f756f5fa,0x66e9aeb3a09860204f4047b37bf5008ac3cc2cbb,1637757868,0.9978995164354282,13.894713484755709,9,8
0x6d9420a66a83ed9a4bc34553d2a08ae7b6e4fd4c,0x7517d3899e9fcba3b76c8673a2bdaa94e3d03577,1635691857,0.9977983265344189,23.792761752708536,9,9
0x6d9420a66a83ed9a4bc34553d2a08ae7b6e4fd4c,0x7517d3899e9fcba3b76c8673a2bdaa94e3d03577,1635952303,0.9982378853073027,23.772916221225685,9,9
0x6d9420a66a83ed9a4bc34553d2a08ae7b6e4fd4c,0x7517d3899e9fcba3b76c8673a2bdaa94e3d03577,1635953175,0.9991181657070694,23.77232943967984,9,9
0x6d9420a66a83ed9a4bc34553d2a08ae7b6e4fd4c,0x7517d3899e9fcba3b76c8673a2bdaa94e3d03577,1635968146,0.9980859289501101,23.771598549276526,9,9
0x6d9420a66a83ed9a4bc34553d2a08ae7b6e4fd4c,0x7517d3899e9fcba3b76c8673a2bdaa94e3d03577,1637414591,0.9991181657070694,24.073410993957538,9,9
0x6d9420a66a83ed9a4bc34553d2a08ae7b6e4fd4c,0x7517d3899e9fcba3b76c8673a2bdaa94e3d03577,1637452798,0.9992944081226326,24.078606623326387,9,9
0x6d9420a66a83ed9a4bc34553d2a08ae7b6e4fd4c,0x7517d3899e9fcba3b76c8673a2bdaa94e3d03577,1638874766,0.9971498884475892,24.290736712357976,9,9
0x6d9420a66a83ed9a4bc34553d2a08ae7b6e4fd4c,0x7517d3899e9fcba3b76c8673a2bdaa94e3d03577,1641676751,0.9971612972311132,24.84396922746537,9,9
0x3d1d5c1d0d44bced012bfc7fb0401bb52461b9c3,0xd78e12c4e193005d300de7dce9af64f86df1c192,1641435689,0.9999332534001651,15.81935799226194,9,7
0x80d1179a1b7b3b32e3ddfc552dec830fa072d6db,0x50f4e1ee52a608c54b2e96c6228c19fb02257077,1634334360,0.9995588883598489,21.56408074321612,9,9
0x80d1179a1b7b3b32e3ddfc552dec830fa072d6db,0x50f4e1ee52a608c54b2e96c6228c19fb02257077,1634851404,0.9997979225556285,21.4782068528949,9,9
0x570ebe452bf0187a83c0f68191758bec5ef916e9,0x570ebe452bf0187a83c0f68191758bec5ef916e9,1633550981,0.9998711551619257,13.624980844961211,9,8
0x3c97514c41d6b24693cdb0bc691562a4c09e35c1,0x3e36dcedb3442f9d3dc90699b187c3d8cc16be37,1633550504,0.9989199749619382,13.400223391086907,9,8
0xd59ae7f2042ed16b273ca91a0760d9c8c4701267,0x80d1179a1b7b3b32e3ddfc552dec830fa072d6db,1633554688,0.99991474689049,15.849848854726307,9,8
0x1798236e76d261fa26f14ec22592bfaacce280b3,0xae1fd047ce925920806e2e47c69ff5fef3d762c1,1633659622,0.9997554545618352,15.086352516878096,9,8
0xb55e78dcf5a3f3632c4d7a78d1e2f60ec2f803ec,0x3b941766b565cb8d924d879d6ef4d7ecc891e1aa,1636830927,0.9980529034244128,25.793309963972735,9,9
0xd3f16d60e3656cbb3cc22ae33ab962ded384e67b,0x6c7c2fcdeeab740a97a045a2880c34175208b195,1634265837,0.9995018371256336,13.917485767261166,9,8
0x6c7c2fcdeeab740a97a045a2880c34175208b195,0x9866c1c68997c360f9240df0997f7d547eee06e6,1635040052,0.9964850742279127,15.126474893832656,9,8
0x1bda9164474ebd1cc36ee94381625a12c193e92d,0x24872145bd6cbcbe8b5116b57e004c0d56d89065,1637374805,0.9997807495094485,13.99417656467875,9,8
0x051d74d2bb35ac636370e22d2e72981e394d06d5,0x316361f260ca02059f56abdeea20bc8def67848e,1634462978,0.9959658935803027,22.541180811289063,9,9
0x051d74d2bb35ac636370e22d2e72981e394d06d5,0x316361f260ca02059f56abdeea20bc8def67848e,1634463154,0.9965490979542856,22.518348577407245,9,9
0x051d74d2bb35ac636370e22d2e72981e394d06d5,0x316361f260ca02059f56abdeea20bc8def67848e,1634523712,0.9964781318802118,21.51827342913525,9,9
0x051d74d2bb35ac636370e22d2e72981e394d06d5,0x316361f260ca02059f56abdeea20bc8def67848e,1634525913,0.9971480591239341,21.458413979001723,9,9
0x051d74d2bb35ac636370e22d2e72981e394d06d5,0x316361f260ca02059f56abdeea20bc8def67848e,1634801460,0.9938235185358754,17.086475345880316,9,9
0x051d74d2bb35ac636370e22d2e72981e394d06d5,0x316361f260ca02059f56abdeea20bc8def67848e,1634887448,0.99908413042251,15.751059648708882,9,9
0x051d74d2bb35ac636370e22d2e72981e394d06d5,0x316361f260ca02059f56abdeea20bc8def67848e,1634974058,0.9992785444541148,14.577177195182003,9,9
0x051d74d2bb35ac636370e22d2e72981e394d06d5,0x316361f260ca02059f56abdeea20bc8def67848e,1636027363,0.9971223950951412,18.26698754803972,9,9
0x051d74d2bb35ac636370e22d2e72981e394d06d5,0x316361f260ca02059f56abdeea20bc8def67848e,1636162227,0.9976517675272913,20.463657401804838,9,9
0x47ed3b39c417a7db5aedf51c951b5580225b64d2,0x22b5c0efabb8156c9cf4f24ca81e1779c8e17b5b,1636257988,0.9991090176869276,23.08617916956872,9,9
0xe4fd5bca930e147693e2b537b67119d49f932a20,0xaaecb9a1781d6bf560884904b2cac71acbf409a8,1635364606,0.9999870146032568,14.207073562271956,9,8
0xe4fd5bca930e147693e2b537b67119d49f932a20,0xaaecb9a1781d6bf560884904b2cac71acbf409a8,1635365722,0.9975451841491071,14.209438114527922,9,8
0xb59d676f5971d86eb1ca8573b0b0102c8deb6851,0x6466ca677a6089acf1292a7847e9bf48d21b1ec8,1635603125,0.9982378853073027,27.98208911101706,9,9
0x4bf5956db150cd80cf0661bb994086e191eac17d,0x6466ca677a6089acf1292a7847e9bf48d21b1ec8,1635666396,1.0,27.7481631941708,9,9
0x4bf5956db150cd80cf0661bb994086e191eac17d,0x6466ca677a6089acf1292a7847e9bf48d21b1ec8,1635669566,0.9995588883598489,27.77048884421365,9,9
0x86b6ca4dce70e0ed9d45ec6261e762d0b27dc1ee,0x6466ca677a6089acf1292a7847e9bf48d21b1ec8,1635668615,0.9995588883598489,26.76492517311625,9,9
0xc8295758eabc977a7f1e850d80caa4889e1f2cf7,0x6466ca677a6089acf1292a7847e9bf48d21b1ec8,1635668676,0.9995588883598489,26.765282113887785,9,9
0x9866c1c68997c360f9240df0997f7d547eee06e6,0x6c7c2fcdeeab740a97a045a2880c34175208b195,1635170624,0.998677831527354,15.092074508034736,9,8
0x9866c1c68997c360f9240df0997f7d547eee06e6,0x6c7c2fcdeeab740a97a045a2880c34175208b195,1635464941,0.9978014391823867,15.157736971121981,9,8
0x77198fb41324a4d8b919d9d047a6a36c1daec54c,0x8b914a6ba3fe2cb72ba720820cadb2e56803862c,1638649673,0.9999117465282628,20.77915646323336,9,9
0x77198fb41324a4d8b919d9d047a6a36c1daec54c,0x8b914a6ba3fe2cb72ba720820cadb2e56803862c,1638649795,0.9961403231809618,20.779489857829,9,9
0x77198fb41324a4d8b919d9d047a6a36c1daec54c,0x8b914a6ba3fe2cb72ba720820cadb2e56803862c,1638772556,0.9986901996177389,20.77087189838633,9,9
0x0bc8a3f0ebbc85f3c4fcaacc585a9cb8cab64fb6,0xf32ef6d62478eef7947c43eb57811027931680f8,1637277447,0.9908227627850335,24.45520615110934,9,9
0x0bc8a3f0ebbc85f3c4fcaacc585a9cb8cab64fb6,0xf32ef6d62478eef7947c43eb57811027931680f8,1637495487,0.990787634962922,19.997226191662367,9,9
0x2fc8db08bdf067f8d88e5496b5c2b54f88e17116,0xc9c3c89e3c40e40f8c002a8a78c6fd7f09dfff0a,1640793332,0.9998235086325017,14.145532618366623,9,8
0x2fc8db08bdf067f8d88e5496b5c2b54f88e17116,0xc9c3c89e3c40e40f8c002a8a78c6fd7f09dfff0a,1642004566,0.9983336394421348,14.178630889680475,9,8
0xed1db06712f182f210b4112076677d57935aa220,0xbfa94c5b98f2c6325e6e8a24b1f0bd4cb67f50c2,1636470618,0.999867625633643,18.18863419889955,9,9
0xed1db06712f182f210b4112076677d57935aa220,0xbfa94c5b98f2c6325e6e8a24b1f0bd4cb67f50c2,1636470758,0.9990741148162882,18.189371071794742,9,9
0xe9a5e2760987ec72536d909346a45c07531590b6,0xaea34112d36c4e615c7e23e365c663266d0ae43e,1635488950,0.9991181657070694,13.407556596341978,9,8
0xe9a5e2760987ec72536d909346a45c07531590b6,0xe9a5e2760987ec72536d909346a45c07531590b6,1635516230,0.9978308406201558,20.869171441662537,9,9
0x0e1c9d4128a6a9b430d91b92a7ec64f7d3b9ee5f,0xa233f1123e383601651f7a41bfa201dc5bae27c2,1635955909,0.9957171077406634,14.878791708758872,9,8
0x5057f4a811b53159287ac1631b276dab346ce11c,0x3407eb4f2bdbd8d0f0242140fbc89b9f103b58ae,1635700233,0.9994707127267742,24.27756337661178,9,9
0x3ea6c8b9cffde00599411058115ea6c61f27ccc8,0x29488e5fd6bf9b3cc98a9d06a25204947cccbe4d,1692823703,0.999682163084974,18.955945352566545,9,9
0xd5e5acb5176089fa45c340ac8741190a71911ac5,0xd9f8d653e2620a0b1d9ac19851cd6f4aa7961b81,1666337411,0.9990554587750329,13.628893181878041,9,8
0xafee0a90deb063c23b8ca78a19669c09ac53b8c4,0x34994e4ef2376da52bd6141ce57ef38c4f9f6573,1639757981,0.9995516763044335,16.45586566387377,9,8
0xafee0a90deb063c23b8ca78a19669c09ac53b8c4,0x34994e4ef2376da52bd6141ce57ef38c4f9f6573,1639869982,0.9997828641707479,16.452690851801655,9,8
0xf32ef6d62478eef7947c43eb57811027931680f8,0x0bc8a3f0ebbc85f3c4fcaacc585a9cb8cab64fb6,1637379511,0.990787634962922,22.390775264619663,9,9
0xf32ef6d62478eef7947c43eb57811027931680f8,0x0bc8a3f0ebbc85f3c4fcaacc585a9cb8cab64fb6,1637808537,0.9893147268783907,16.084778387872294,9,9
0xf32ef6d62478eef7947c43eb57811027931680f8,0x0bc8a3f0ebbc85f3c4fcaacc585a9cb8cab64fb6,1637828831,0.9983319521363574,15.66204423427924,9,9
0xcd668b1595f723e5c93f0a9a35adf14879dd3c8e,0xcd668b1595f723e5c93f0a9a35adf14879dd3c8e,1638648952,0.9999911739517898,15.525294854717727,9,8
0xbcca8191b95be77c7ea0a57c72692d4b05710313,0x59bf2a3335e63d411e4fe082ad73ef3b19d21075,1638640185,0.9993739407794461,13.410052627181337,9,8
0x359fcb56c0a4d4ca1e1bc4d426e0864dd03618ac,0x4b28e77a51517c5adfa8e5c9e0d1f92697be72d6,1639767047,0.9996197386183843,17.994031940088796,9,9
0x70805ebc7ae3849da87107983a6001465fc243af,0x18615fbc2f66a517a866da6fe77dc55189e05f9f,1636225934,0.9971180143281635,15.391598060565808,9,8
0x70805ebc7ae3849da87107983a6001465fc243af,0x18615fbc2f66a517a866da6fe77dc55189e05f9f,1636340109,0.9990451154405274,15.402784931868839,9,8
0x70805ebc7ae3849da87107983a6001465fc243af,0x18615fbc2f66a517a866da6fe77dc55189e05f9f,1636354664,0.9996188012446882,15.404081731345064,9,8
0x70805ebc7ae3849da87107983a6001465fc243af,0x18615fbc2f66a517a866da6fe77dc55189e05f9f,1636385874,0.9996053263280203,15.407189844199783,9,8
0x70805ebc7ae3849da87107983a6001465fc243af,0x18615fbc2f66a517a866da6fe77dc55189e05f9f,1636402351,0.9988562042954979,15.409025109574696,9,8
0xf3c328e6402f4b56e94da118dbe89415f6a8775b,0xb0e042db37b5d9d90a059b749cca33ad9adb7237,1648170124,0.9997696869283194,13.894086338453763,9,8
0x4e93aafa16b38f3772e34a70635faa6b6ff3eda2,0x283542dac8b85c6f223e24c19e9e5863432070d5,1637497442,0.9993871049074319,13.873934859613623,9,8
0x4e93aafa16b38f3772e34a70635faa6b6ff3eda2,0x283542dac8b85c6f223e24c19e9e5863432070d5,1637688715,0.9998526167838112,13.843010404456235,9,8
0xbe72904c711c7243bbdc5f0c869ef3d911707778,0xfa28c7124c00895fe853840d22f2a6dc88b614cb,1642818610,0.9658994003324296,13.989966127801951,9,8
0xbe72904c711c7243bbdc5f0c869ef3d911707778,0xfa28c7124c00895fe853840d22f2a6dc88b614cb,1642820584,0.9912510928478646,13.839018310788687,9,8
0xbe72904c711c7243bbdc5f0c869ef3d911707778,0xfa28c7124c00895fe853840d22f2a6dc88b614cb,1642820934,0.9826539447228052,13.889329064718808,9,8
0xaea6880ea9374c3c5c9805f8cd5c21679df5f9ac,0xd9eb4678bcff6a139216dc8f77bb9435ad0baf77,1645024882,0.9998146856994454,16.613317299919387,9,8
0x2845fcbd7b0186a9313758697ee74a3189a0d1cf,0x2845fcbd7b0186a9313758697ee74a3189a0d1cf,1638300357,0.9964732245128597,16.779907397711003,9,8
0xf8b2a110e92720a1e3ec141a3511b4edc039b585,0x316361f260ca02059f56abdeea20bc8def67848e,1637040257,0.9980716082692277,14.285961412049714,9,8
0xf8b2a110e92720a1e3ec141a3511b4edc039b585,0x316361f260ca02059f56abdeea20bc8def67848e,1637248332,0.9970745163752586,14.974774868142681,9,8
0xf8b2a110e92720a1e3ec141a3511b4edc039b585,0x316361f260ca02059f56abdeea20bc8def67848e,1637547258,0.9980551591758454,16.004872550210106,9,8
0xf8b2a110e92720a1e3ec141a3511b4edc039b585,0x316361f260ca02059f56abdeea20bc8def67848e,1637588186,0.9986118510706917,16.191838560604882,9,8
0xf8b2a110e92720a1e3ec141a3511b4edc039b585,0x316361f260ca02059f56abdeea20bc8def67848e,1637673469,0.9982575726157379,16.624404000143954,9,8
0x6b52ada8fd826b85565c730beffca2cd11c3ec79,0x29488e5fd6bf9b3cc98a9d06a25204947cccbe4d,1695054827,0.9999565773451478,15.92258303786637,9,8
0x3a642d41f592b4f18ba6ce66956c4dc74ebf725e,0x3a642d41f592b4f18ba6ce66956c4dc74ebf725e,1649019378,0.9992859752994093,13.291428399126902,9,8
0x3a642d41f592b4f18ba6ce66956c4dc74ebf725e,0x3a642d41f592b4f18ba6ce66956c4dc74ebf725e,1649019603,0.9992859752994093,13.291373431723787,9,8
0x6c319d73fea4962e454ea1c07ca70cba542df8b3,0x5162fdd0d340aa10e790ead2296b4ccf6bc3000e,1637684170,0.9999275153591272,17.2838968670929,9,9
0x1433da52f8af842c72bd156abcc550c1b05f5d01,0x73bf9002220a5bf1feec49c327f4385930114959,1637447655,0.9970711842892791,14.491509994549741,9,8
0x1433da52f8af842c72bd156abcc550c1b05f5d01,0x73bf9002220a5bf1feec49c327f4385930114959,1637478211,0.9970316940333713,13.9609497612405,9,8
0x1433da52f8af842c72bd156abcc550c1b05f5d01,0x73bf9002220a5bf1feec49c327f4385930114959,1637478774,0.9967929544076138,13.956388015775493,9,8
0x1433da52f8af842c72bd156abcc550c1b05f5d01,0x110908269006477949472003598f5b4de4bacd07,1637493076,0.9962396794402629,24.12454262699725,9,9
0x1433da52f8af842c72bd156abcc550c1b05f5d01,0x110908269006477949472003598f5b4de4bacd07,1637674748,0.9967642010190254,23.775015492409754,9,9
0x1433da52f8af842c72bd156abcc550c1b05f5d01,0x110908269006477949472003598f5b4de4bacd07,1637848365,0.9969920587203193,25.027071336753163,9,9
0x1433da52f8af842c72bd156abcc550c1b05f5d01,0x110908269006477949472003598f5b4de4bacd07,1638090334,0.9973781694054009,27.871703906359823,9,9
0x1433da52f8af842c72bd156abcc550c1b05f5d01,0xcefdced18ee3b2229fc07d8393b4e4c2926d70d1,1637497309,0.9964091953318518,14.375226421457427,9,8
0x1433da52f8af842c72bd156abcc550c1b05f5d01,0xcefdced18ee3b2229fc07d8393b4e4c2926d70d1,1637505536,0.9985396090426678,14.249132746700411,9,8
0x1433da52f8af842c72bd156abcc550c1b05f5d01,0xcefdced18ee3b2229fc07d8393b4e4c2926d70d1,1637675613,0.9966754135935392,13.327467042654158,9,8
0x1433da52f8af842c72bd156abcc550c1b05f5d01,0xcefdced18ee3b2229fc07d8393b4e4c2926d70d1,1637878087,0.9977854643542361,13.947791536932666,9,8
0x1433da52f8af842c72bd156abcc550c1b05f5d01,0xcefdced18ee3b2229fc07d8393b4e4c2926d70d1,1637879276,0.9970084413236239,13.970850268822987,9,8
0xfdaa604603ef315823b91af78aa9ebf3f333f6c3,0x18d462a3cc4ce79fc67363f89b3d270243ac96a2,1637485889,0.9982378853073027,23.26371674187478,9,9
0xfdaa604603ef315823b91af78aa9ebf3f333f6c3,0x18d462a3cc4ce79fc67363f89b3d270243ac96a2,1637486716,0.9973591546971086,23.263902330575856,9,9
0xfdaa604603ef315823b91af78aa9ebf3f333f6c3,0x18d462a3cc4ce79fc67363f89b3d270243ac96a2,1637493775,0.9982378853073027,23.258444093501254,9,9
0xfdaa604603ef315823b91af78aa9ebf3f333f6c3,0x18d462a3cc4ce79fc67363f89b3d270243ac96a2,1637717282,0.9982378853073027,23.106832127703235,9,9
0xfdaa604603ef315823b91af78aa9ebf3f333f6c3,0x18d462a3cc4ce79fc67363f89b3d270243ac96a2,1637718841,0.9977983265344189,23.10616428533928,9,9
0xfdaa604603ef315823b91af78aa9ebf3f333f6c3,0x18d462a3cc4ce79fc67363f89b3d270243ac96a2,1637720046,0.9977983265344189,23.1053359399189,9,9
0xfdaa604603ef315823b91af78aa9ebf3f333f6c3,0xaa9954b9078f9cbefc5c892f6a97b8c3735c90ca,1637739149,0.9982378853073027,15.268820199348434,9,8
0xfdaa604603ef315823b91af78aa9ebf3f333f6c3,0xaa9954b9078f9cbefc5c892f6a97b8c3735c90ca,1637815828,0.9982378853073027,15.390375991295823,9,8
0x3424c27757e74813e35db83c92c5602d16adda9a,0xda6950d9c1c21496522963246c28907c0e44f93c,1637486538,0.9988359191830968,18.7850378230473,9,9
0x3424c27757e74813e35db83c92c5602d16adda9a,0xda6950d9c1c21496522963246c28907c0e44f93c,1637492080,0.9987010583698267,18.784504653149078,9,9
0x3424c27757e74813e35db83c92c5602d16adda9a,0xda6950d9c1c21496522963246c28907c0e44f93c,1637493083,0.9987513273611845,18.78440116412017,9,9
0x3424c27757e74813e35db83c92c5602d16adda9a,0xda6950d9c1c21496522963246c28907c0e44f93c,1637494376,0.9987917580632157,18.784269978812038,9,9
0x3424c27757e74813e35db83c92c5602d16adda9a,0xda6950d9c1c21496522963246c28907c0e44f93c,1637495199,0.9987250427246867,18.784195050793276,9,9
0x3424c27757e74813e35db83c92c5602d16adda9a,0xda6950d9c1c21496522963246c28907c0e44f93c,1637602543,0.9986480355458176,18.773499854098425,9,9
0xe2d26fca29cc518708c8e0d63609ca05c804d842,0xe2d26fca29cc518708c8e0d63609ca05c804d842,1638070481,0.9999282898945012,14.806163531752405,9,8
0xb01a9a7ef5779fa8680898827cc2b1aed638ee2d,0x1a182f9c83bbfd994dc1cf0136661dedbf8b93f6,1637858947,0.9955556848227597,14.657588986482908,9,8
0xb01a9a7ef5779fa8680898827cc2b1aed638ee2d,0x1a182f9c83bbfd994dc1cf0136661dedbf8b93f6,1638234953,0.9958613987929058,14.562663770728236,9,8
0xb01a9a7ef5779fa8680898827cc2b1aed638ee2d,0x1a182f9c83bbfd994dc1cf0136661dedbf8b93f6,1638582725,0.9982690971028221,14.56212349634339,9,8
0xb01a9a7ef5779fa8680898827cc2b1aed638ee2d,0x1a182f9c83bbfd994dc1cf0136661dedbf8b93f6,1639135271,0.9952562273901302,14.703459471596902,9,8
0x34556d9796ac8a45b6a4d2ee47cf27cf91a835f9,0x29488e5fd6bf9b3cc98a9d06a25204947cccbe4d,1696310219,0.9998224935796333,20.040128419952516,9,9
0xe7135125b9f9227cd4977c088ea33a969085a4c2,0x992ac158bf847314ca5ef81c93191a690c71cd41,1650733009,0.9832033293058554,22.584876094913348,9,9
0xe7135125b9f9227cd4977c088ea33a969085a4c2,0x992ac158bf847314ca5ef81c93191a690c71cd41,1650954147,0.975923909847495,22.49756697580193,9,9
0xe7135125b9f9227cd4977c088ea33a969085a4c2,0x992ac158bf847314ca5ef81c93191a690c71cd41,1651067842,0.9906028369126584,22.082338687615163,9,9
0xe7135125b9f9227cd4977c088ea33a969085a4c2,0x992ac158bf847314ca5ef81c93191a690c71cd41,1651418797,0.9610630051898924,22.8519182098802,9,9
0xe7135125b9f9227cd4977c088ea33a969085a4c2,0x992ac158bf847314ca5ef81c93191a690c71cd41,1651633383,0.9872600959169879,22.38277736569017,9,9
0xc7c94681ac7d1bae4ac094edcdd74553a7518f1a,0x816e20d1d7f43e222e3f95e2bf4208f680e8ef5d,1638609370,0.9959211527401014,14.297964649688456,9,8
0xcb5ab67fb388a3a6764ec1e3f3eef30f90eb9b50,0x21403805cb5f4b05a9aeae54f60f5d74f21346c2,1644318099,0.9997705733697981,24.053662995647876,9,9
0x97a51f61d38db433520dbbd14b79ba5d0df9553b,0x2344ad3701eb06defc92dcb0608f42897b3cdc9b,1653214730,0.9996459294129916,15.465425625022036,9,7
0xde7aca3100d7e236f10400c258ec2764327e452e,0xde7aca3100d7e236f10400c258ec2764327e452e,1669252811,0.998967049342776,16.992478327674743,9,9
0xde7aca3100d7e236f10400c258ec2764327e452e,0xde7aca3100d7e236f10400c258ec2764327e452e,1669252895,0.9999982347778941,16.99084275891007,9,9
0x914ea77d86fb4002fba3d3e7866bf040314d9107,0x390a5bcdc464c45fdb7c6322a0fae10c61c0fc46,1645540835,0.9995525702638977,18.479358315375375,9,9
0x2ab5bcc39daf9cb745793e7e468fdd752476177d,0x22feeb5257e9ecb5e6e46b7b66fb987c5d9b815d,1639988359,0.9999737959182514,17.26827227001497,9,9
0x2ab5bcc39daf9cb745793e7e468fdd752476177d,0x22feeb5257e9ecb5e6e46b7b66fb987c5d9b815d,1640713150,0.999523792594119,17.1402147407116,9,9
0x2ab5bcc39daf9cb745793e7e468fdd752476177d,0x22feeb5257e9ecb5e6e46b7b66fb987c5d9b815d,1642024010,0.9997808159057536,17.965007331024836,9,9
0x0a77751b46444ab4365ea8814c95f982bdb310ab,0x8b20f55eb582907f43126613ba208dcb4803612e,1641842954,0.9997793955243235,13.722206535745379,9,8
0x2057cfb9fd11837d61b294d514c5bd03e5e7189a,0x222a0b07a86b72d72237528815e53a602dc4cd1a,1642492075,0.9999999942897471,15.778068019304998,9,8
0x2057cfb9fd11837d61b294d514c5bd03e5e7189a,0x31fce639b1001ce90bd4bb908f89179024129e53,1644260734,0.9999999309162585,15.147468696593062,9,8
0x159810cbcbf256be2a48a8fa2fe8e29eda0d9861,0xb0e042db37b5d9d90a059b749cca33ad9adb7237,1647293080,0.9998324067181984,14.86181360565082,9,8
0x159810cbcbf256be2a48a8fa2fe8e29eda0d9861,0xb0e042db37b5d9d90a059b749cca33ad9adb7237,1648305481,0.9998324067181984,14.950530409855906,9,8
0x26600f0490e981c0ecfbabc9288800730457842e,0x5007fd86291ee25e91326161fd29e5129073deea,1640736977,0.9998983409599632,22.9359686910077,9,9
0x26600f0490e981c0ecfbabc9288800730457842e,0x5007fd86291ee25e91326161fd29e5129073deea,1640780607,0.9999755208254935,22.868530401556153,9,9
0x26600f0490e981c0ecfbabc9288800730457842e,0x5007fd86291ee25e91326161fd29e5129073deea,1640799660,0.9998861951823661,22.845316176510643,9,9
0x26600f0490e981c0ecfbabc9288800730457842e,0x5007fd86291ee25e91326161fd29e5129073deea,1644706078,0.9999256752815855,26.58030911113189,9,9
0x5007fd86291ee25e91326161fd29e5129073deea,0x26600f0490e981c0ecfbabc9288800730457842e,1640758997,0.9999755208254935,22.896135671601222,9,9
0x5007fd86291ee25e91326161fd29e5129073deea,0x26600f0490e981c0ecfbabc9288800730457842e,1644744794,0.9999256752815855,26.583142265464925,9,9
0x4a752fe181018e1d4300f638154def7bce1d3417,0x9fa69536d1cda4a04cfb50688294de75b505a9ae,1651116769,0.9987892555854867,14.980165661848844,9,8
0xb17fb6dcdbc651869e1d0dda141db13db380bd27,0x29488e5fd6bf9b3cc98a9d06a25204947cccbe4d,1694322407,0.9999767554179084,18.802754303687518,9,9
0x445743ea43479e3fca73c8ecaeeab9b7b85cb3bc,0x445743ea43479e3fca73c8ecaeeab9b7b85cb3bc,1645228467,0.9999835687007013,14.222182022721443,9,8
0x6c309614d7efd5633ff34d4c455f0ca213271048,0x2f8f1a93fc4be790a36e9ecc88b193385d6c3e2b,1651714652,0.9956063265031921,25.183153519420916,9,4
0x7adee9bd8b620604cf88503b698d54ff3fc5f5f0,0x7adee9bd8b620604cf88503b698d54ff3fc5f5f0,1645868250,0.9999329259407954,15.997078174101217,9,8
0x7adee9bd8b620604cf88503b698d54ff3fc5f5f0,0x7adee9bd8b620604cf88503b698d54ff3fc5f5f0,1645868535,0.9999823480593766,15.997076032151995,9,8
0x7adee9bd8b620604cf88503b698d54ff3fc5f5f0,0x7adee9bd8b620604cf88503b698d54ff3fc5f5f0,1650618459,0.999938220934119,15.362295366857877,9,8
0x38ac3d99c6c3f95c0fc35f9166cbce1c32fabf38,0x3c026a3b55ef6c6a78750ae05916b95a5b9ea6d5,1646173669,0.9999955869564201,22.993420860546784,9,9
0x38ac3d99c6c3f95c0fc35f9166cbce1c32fabf38,0x3c026a3b55ef6c6a78750ae05916b95a5b9ea6d5,1646173767,0.9997996870706107,22.993420860546788,9,9
0x38ac3d99c6c3f95c0fc35f9166cbce1c32fabf38,0x3c026a3b55ef6c6a78750ae05916b95a5b9ea6d5,1647449671,0.9996469526408696,22.993420860546784,9,9
0x38ac3d99c6c3f95c0fc35f9166cbce1c32fabf38,0x3c026a3b55ef6c6a78750ae05916b95a5b9ea6d5,1651071175,0.9997666288568503,22.993420860546784,9,9
0x38ac3d99c6c3f95c0fc35f9166cbce1c32fabf38,0x3c026a3b55ef6c6a78750ae05916b95a5b9ea6d5,1652379451,0.9997566508123881,22.993420860546784,9,9
0x38ac3d99c6c3f95c0fc35f9166cbce1c32fabf38,0x3c026a3b55ef6c6a78750ae05916b95a5b9ea6d5,1679106107,0.9995221612574087,22.993420860546784,9,9
0x38ac3d99c6c3f95c0fc35f9166cbce1c32fabf38,0x3c026a3b55ef6c6a78750ae05916b95a5b9ea6d5,1683939371,0.9997318344223387,22.993420860546784,9,9
0x38ac3d99c6c3f95c0fc35f9166cbce1c32fabf38,0x3c026a3b55ef6c6a78750ae05916b95a5b9ea6d5,1693597643,0.9995874509094422,22.993420860546784,9,9
0x7f2f2a041e0718d6af077bf539039691dcca50e0,0x72ce4255639c68cbae02722702e91d1451dd0ffb,1675350155,0.9993860787535704,16.059347455466515,9,8
0x7f2f2a041e0718d6af077bf539039691dcca50e0,0x72ce4255639c68cbae02722702e91d1451dd0ffb,1675726475,0.9994707127267742,16.010202195659904,9,8
0x7f2f2a041e0718d6af077bf539039691dcca50e0,0x72ce4255639c68cbae02722702e91d1451dd0ffb,1675863959,0.9993816990307699,16.021789001816476,9,8
0xb2e5c2069ed0db222a423ee1e9921d547f997df9,0x3215d5f988b6c500a312d2c17924afc5177eb41d,1649660663,0.9896757463831833,18.00642812076232,9,9
0x3215d5f988b6c500a312d2c17924afc5177eb41d,0xb2e5c2069ed0db222a423ee1e9921d547f997df9,1649745645,0.990384294359275,17.971815628090646,9,9
0x364c90218f6664f6c8b154ad9c3e31947cd3640c,0xaaaaaeb932c0527655baff3bbbe3264bc61271e8,1656984278,0.9934993866290341,24.72056426455212,9,9
0x364c90218f6664f6c8b154ad9c3e31947cd3640c,0xaaaaaeb932c0527655baff3bbbe3264bc61271e8,1657444268,0.9930755233221269,24.999486503533564,9,9
0x364c90218f6664f6c8b154ad9c3e31947cd3640c,0xaaaaa22233cf3a2eefacb085f5e2d828fb47f458,1659021031,0.9975467909390423,21.47103110545283,9,9
0x0cded9d24f6a5adc9002a3eb5bc031dccd53cfef,0x29488e5fd6bf9b3cc98a9d06a25204947cccbe4d,1696452443,0.9999925456577136,15.628728522523957,9,8
0x542fe78b5ad0be55e268f31690f7ad30ee231b89,0x30183a0acc67ac44118fda696374baa7541c8fdb,1665979091,0.998677831527354,17.172605685355556,9,9
0x542fe78b5ad0be55e268f31690f7ad30ee231b89,0x30183a0acc67ac44118fda696374baa7541c8fdb,1665982163,0.9977932965674349,17.171946041498384,9,9
0xaaaaa85601e05dfa39cf4a0a037dd371a0db8887,0x364c90218f6664f6c8b154ad9c3e31947cd3640c,1656348517,0.9890028684678898,23.982118816290885,9,5
0xdbfc83039cf0f104410b4b7c0a275eb2f2e7cf06,0x11cfb7eed09cd20703a7aeca44ad633c9be6793f,1669274327,0.992735514827059,19.288449103607615,9,9
0xdbfc83039cf0f104410b4b7c0a275eb2f2e7cf06,0x11cfb7eed09cd20703a7aeca44ad633c9be6793f,1671452711,0.9999558713168768,19.46278630602376,9,9
0xdbfc83039cf0f104410b4b7c0a275eb2f2e7cf06,0x11cfb7eed09cd20703a7aeca44ad633c9be6793f,1672098695,0.998677831527354,19.579474196284558,9,9
0xdbfc83039cf0f104410b4b7c0a275eb2f2e7cf06,0x11cfb7eed09cd20703a7aeca44ad633c9be6793f,1672099187,0.9869337967712366,19.581013679750246,9,9
0xdbfc83039cf0f104410b4b7c0a275eb2f2e7cf06,0x11cfb7eed09cd20703a7aeca44ad633c9be6793f,1673836787,0.9850037733250359,19.78064867547183,9,9
0xaaaaaf4acd6e97219e35a807aab2c041283df5fe,0x364c90218f6664f6c8b154ad9c3e31947cd3640c,1656963086,0.9939249039917742,21.100787775056965,9,9
0xaaaaaf4acd6e97219e35a807aab2c041283df5fe,0x364c90218f6664f6c8b154ad9c3e31947cd3640c,1656983952,0.9938161282976253,21.08295734225394,9,9
0x39544568c16167f89e96a01d101b246ed878a97a,0x1c45790c44466d903ef712a11920d0100fdec0d1,1658081558,0.9998846923230544,25.99692914476123,9,9
0x39544568c16167f89e96a01d101b246ed878a97a,0x1c45790c44466d903ef712a11920d0100fdec0d1,1660079892,0.9999859919446781,25.99581476139978,9,9
0x39544568c16167f89e96a01d101b246ed878a97a,0x1c45790c44466d903ef712a11920d0100fdec0d1,1663079146,0.999810988936786,25.99773998116807,9,9
0x473b5e7f84a33d8254bb74d679548885076eff2b,0x22f112e927ee7b56187aab04f8a8f5c6eec4fa28,1685924759,0.998677831527354,17.756487452032502,9,9
0x473b5e7f84a33d8254bb74d679548885076eff2b,0x265d73effd65f27db05d270ef383d44fc9b00570,1688840387,0.998677831527354,17.752420000314597,9,9
0xe9408ec9a839860933c92dc91d0da28f07bbdac6,0xbc59e5485f551a6099d0fe32594ea3132cefc4ea,1667445671,0.9982108324721378,13.277940960097663,9,8
0xc7bd4f27fd0b802bc687ad4162ca31fd6b4c4465,0x80863d5cab10b98d000d71c913f1941b6901238c,1665580739,0.9979362854319146,13.901369427631716,9,8
0x1e7b7d8f554451a2776fcd3ec62fe6f236796efe,0x1e7b7d8f554451a2776fcd3ec62fe6f236796efe,1671161231,0.9998712547439484,16.468888545694412,9,8
0xc46cf3cad35c3047d5e0db823ca1ced5f88e72ac,0xc46cf3cad35c3047d5e0db823ca1ced5f88e72ac,1664016311,0.9999962839692347,14.398236429939692,9,8
0xa78ba34be23d7837d6b0e5d12969a7558f9deb15,0x7122db0ebe4eb9b434a9f2ffe6760bc03bfbd0e0,1675022363,0.9998305670910638,17.37498135069161,9,9
0xa78ba34be23d7837d6b0e5d12969a7558f9deb15,0x7122db0ebe4eb9b434a9f2ffe6760bc03bfbd0e0,1675301111,0.9998639196557644,16.878551193735834,9,9
0x6dbd74efedd7b21e18fd2a65631373ffe4c4712a,0x9520b8013e73fd299b8434b3387c5d548b67e656,1667947691,0.9962557158972862,14.466807194341404,9,8
0x7cd1944fd5e847bfcb314216373d3f77643edd4a,0x93b93c1577cd5e88e65b994b8be51e1ea537efee,1665569675,0.9801552803329668,20.691431135777563,9,9
0x7cd1944fd5e847bfcb314216373d3f77643edd4a,0x93b93c1577cd5e88e65b994b8be51e1ea537efee,1665569855,0.9832883862314904,20.689844749736874,9,9
0x75af41111af66a5ebe131f53dadf9ab8e3c05ed8,0x5cbe5d8031cbaec9c5de305f34aa81266cb419a4,1665569723,0.9714720063363365,16.37836000116442,9,8
0x75af41111af66a5ebe131f53dadf9ab8e3c05ed8,0x5cbe5d8031cbaec9c5de305f34aa81266cb419a4,1665569783,0.9825562385475365,16.353492480625118,9,8
0x75af41111af66a5ebe131f53dadf9ab8e3c05ed8,0x5cbe5d8031cbaec9c5de305f34aa81266cb419a4,1665570227,0.9906344284327638,16.33484146673817,9,8
0x75af41111af66a5ebe131f53dadf9ab8e3c05ed8,0x548c22b032b1d86a8b0ccc46376ef02f75293c4d,1665573191,0.9959215242870672,14.737873089245587,9,8
0x75af41111af66a5ebe131f53dadf9ab8e3c05ed8,0x548c22b032b1d86a8b0ccc46376ef02f75293c4d,1665580859,0.9940334964453708,14.756244148600716,9,8
0x477d057ee378168d33d62eca943c0247e8b04139,0xb23cfd77efbebaeb0e73e9dfa9361839e884d957,1669025531,0.9853095135533352,16.96839711641172,9,9
0xb3c1a0019d332dd6ee125972d40594564f877679,0x7fac7889335d76ccce54b18e1eb6287fd4f0554d,1669025723,0.9898204860359732,19.018922559477172,9,9
0x30183a0acc67ac44118fda696374baa7541c8fdb,0x542fe78b5ad0be55e268f31690f7ad30ee231b89,1673327435,0.9997613614492753,18.967890659379687,9,4
0x386d9e884fa69f8f321ba8aaedbd5f8674dbf25e,0x2c49b966b18cd5dabde0b4fcb41fcc0cd5257931,1668684239,0.9992952894909318,14.991342098498087,9,8
0x17c52d29c97719462d2134e24ebfdf5b4fec4c36,0x17c52d29c97719462d2134e24ebfdf5b4fec4c36,1667668811,0.9999329259407954,14.716750561852038,9,8
0x17c52d29c97719462d2134e24ebfdf5b4fec4c36,0x17c52d29c97719462d2134e24ebfdf5b4fec4c36,1668784331,0.9998572048467822,14.668066487159598,9,8
0x993c180e5f1f896d6c213c17f99a9d85b98b22e6,0x993c180e5f1f896d6c213c17f99a9d85b98b22e6,1668733127,0.999892235788448,15.267605862430383,9,8
0x993c180e5f1f896d6c213c17f99a9d85b98b22e6,0x993c180e5f1f896d6c213c17f99a9d85b98b22e6,1668985043,0.999892235788448,15.198088042952016,9,8
0x76bde3f738ba1240683573e514094a23b447cd9e,0x79f3bb47f303cc68d10541d7eabd29a4104e74a7,1684846331,0.9995588883598489,13.927444071130202,9,8
0xf7f8810f5fe2054d6b5d055e4772f44e9c28db8e,0x29488e5fd6bf9b3cc98a9d06a25204947cccbe4d,1691994215,0.9999653816014212,17.84012627502309,9,9
0x2c49b966b18cd5dabde0b4fcb41fcc0cd5257931,0x386d9e884fa69f8f321ba8aaedbd5f8674dbf25e,1668689603,0.9992952894909318,14.99132833225148,9,8
0xa29402c4518235452404aa14d7e749287a255cd5,0xfa93d504e1bfa987c95c6119da699ee6d29b249d,1694485895,0.9999117465282628,15.816582966460862,9,8
0xa29402c4518235452404aa14d7e749287a255cd5,0xfa93d504e1bfa987c95c6119da699ee6d29b249d,1694486375,0.9917175842283209,15.817173364973746,9,8
0xe0b46fe515f3ec4cd32af3d71395fda21d999991,0x527cbea0da69f9296001cc6003772de119c1c604,1669931651,0.9883922781868261,13.873889319749365,9,8
0xe0b46fe515f3ec4cd32af3d71395fda21d999991,0x527cbea0da69f9296001cc6003772de119c1c604,1669932719,0.9887209013435349,13.873352058027802,9,8
0xe0b46fe515f3ec4cd32af3d71395fda21d999991,0x527cbea0da69f9296001cc6003772de119c1c604,1670279459,0.9899502132761858,13.831466274167166,9,8
0xe0b46fe515f3ec4cd32af3d71395fda21d999991,0x527cbea0da69f9296001cc6003772de119c1c604,1670280023,0.9904027950165863,13.83116798488875,9,8
0x2f6d46fd88de6e7cdd3f191b2b87dbc46684aaaa,0x7777a5678e0c35d86842a1e80ba1953ec4839ba3,1669932875,0.9960921002063949,15.401352305307595,9,8
0x2f6d46fd88de6e7cdd3f191b2b87dbc46684aaaa,0x7777a5678e0c35d86842a1e80ba1953ec4839ba3,1669933319,0.9943154947285706,15.402435156943612,9,8
0x2f6d46fd88de6e7cdd3f191b2b87dbc46684aaaa,0x7777a5678e0c35d86842a1e80ba1953ec4839ba3,1670360939,0.9939480355285796,15.257506427625763,9,8
0xa06ad26aa6019eac4a12fd09e1e6e7386cb95d1d,0xd72187a7e6ada5853f7b1096d851022e8fa1097e,1670765651,0.9963745821028552,18.83551223540203,9,9
0xa06ad26aa6019eac4a12fd09e1e6e7386cb95d1d,0xd72187a7e6ada5853f7b1096d851022e8fa1097e,1670915459,0.9958781758717671,18.684687767904016,9,9
0xa06ad26aa6019eac4a12fd09e1e6e7386cb95d1d,0xd72187a7e6ada5853f7b1096d851022e8fa1097e,1670966759,0.9984138172729836,18.632943683588294,9,9
0xa06ad26aa6019eac4a12fd09e1e6e7386cb95d1d,0xd72187a7e6ada5853f7b1096d851022e8fa1097e,1671008915,0.9992591546654868,18.624263465908133,9,9
0xa06ad26aa6019eac4a12fd09e1e6e7386cb95d1d,0xd72187a7e6ada5853f7b1096d851022e8fa1097e,1671042275,0.9973598968283011,18.658814840553596,9,9
0xa06ad26aa6019eac4a12fd09e1e6e7386cb95d1d,0xd72187a7e6ada5853f7b1096d851022e8fa1097e,1671188699,0.9983581424560986,18.7988155248679,9,9
0x13256e15cc2f4fbb4a9747e2b7e20d47d5113324,0x992ae35af59d245818b8ffdb6b32b512b89c8240,1679235083,0.9992944081226326,14.991899277581856,9,8
0x49fc8593955ea76a9533fd2ff4c93967ba5fdeb1,0x4563f5303e490d7b67feb3f1c6278bf36d76745c,1676169875,0.9999117465282628,13.621210650838478,9,8
0x9490069e6ed9d8c1363dd6f720cf3243dcffa09d,0x9490069e6ed9d8c1363dd6f720cf3243dcffa09d,1673732531,0.9997253534501506,14.537543766765825,9,8
0x9490069e6ed9d8c1363dd6f720cf3243dcffa09d,0x9490069e6ed9d8c1363dd6f720cf3243dcffa09d,1674257555,0.9997205811611843,14.53721490052423,9,8
0xd80b535fc5d483e717136fb596e3caa10b28a45d,0xead6e25d27680454c65db27c5dec70dbe19f1642,1684987631,0.9997352863085931,14.755850118333152,9,8
0xd80b535fc5d483e717136fb596e3caa10b28a45d,0xead6e25d27680454c65db27c5dec70dbe19f1642,1684988699,0.9766962748188738,14.757527094715584,9,8
0x7122db0ebe4eb9b434a9f2ffe6760bc03bfbd0e0,0xd17a89f1bb2c9cd6d6d8c34e3c847e2e3ddc11d8,1675022363,0.9999983901171892,17.93068151396944,9,9
0x7122db0ebe4eb9b434a9f2ffe6760bc03bfbd0e0,0xd17a89f1bb2c9cd6d6d8c34e3c847e2e3ddc11d8,1675301111,0.9999987070624577,17.521477847551747,9,9
0x7122db0ebe4eb9b434a9f2ffe6760bc03bfbd0e0,0xd17a89f1bb2c9cd6d6d8c34e3c847e2e3ddc11d8,1675982663,0.9999730925644376,18.279422952336898,9,9
0x708dc3f2dd7e3499acd6eef94f0ccdd2daef241e,0x398f4c78808461b87fdd182816e48a388cb5557c,1686369395,0.9883974516616463,15.681083860756814,9,7
0x4563f5303e490d7b67feb3f1c6278bf36d76745c,0x49fc8593955ea76a9533fd2ff4c93967ba5fdeb1,1677485783,0.9999117465282628,13.53707806961413,9,8
0x3a5a0fc3b74e6330bf02970423348d36feafe066,0x394d37d00a91f996b97821803e7b66deb7812598,1676595179,0.9978127389932325,26.393826687362957,9,9
0x3a5a0fc3b74e6330bf02970423348d36feafe066,0x394d37d00a91f996b97821803e7b66deb7812598,1679099051,0.9995834902854898,20.10702378676045,9,9
0x3a5a0fc3b74e6330bf02970423348d36feafe066,0x394d37d00a91f996b97821803e7b66deb7812598,1679140079,0.9982378853073027,20.019747180918408,9,9
0x26a2bb8e0c84de9c3947fc2a263d614855ce514c,0x6da778491fd66bc45e6b42f2d5ba3ed33e4b4cc3,1677554699,0.9998619431454622,14.899285097785011,9,8
0x26a2bb8e0c84de9c3947fc2a263d614855ce514c,0x6da778491fd66bc45e6b42f2d5ba3ed33e4b4cc3,1678427351,0.9995937396594312,14.856674528781037,9,8
0x99a238f477c766a5bc755cbe080d1d9db4c3a4bf,0x99a238f477c766a5bc755cbe080d1d9db4c3a4bf,1678826819,0.9999402695877124,15.284382899472668,9,8
0x99a238f477c766a5bc755cbe080d1d9db4c3a4bf,0x99a238f477c766a5bc755cbe080d1d9db4c3a4bf,1678901627,0.9999402695909063,15.264054088301002,9,8
0x99a238f477c766a5bc755cbe080d1d9db4c3a4bf,0x99a238f477c766a5bc755cbe080d1d9db4c3a4bf,1678965851,0.9999691095128668,15.246460306873148,9,8
0xdc934c9447a3c7514f8916ba1952ba84ab8f9fb3,0x92f3f71cef740ed5784874b8c70ff87ecdf33588,1689360071,0.999688341542671,15.816857507665866,9,8
0xf4fb178a97fd1124c2835de3bae55c15f66bdc1f,0xe8038c8b0b40ce68c4aa3573bbd8c9ef6e7c550c,1683465815,0.8760118895481381,13.779179411936557,9,8
0xf4fb178a97fd1124c2835de3bae55c15f66bdc1f,0x354dcfe74894dbfda0e9c49453d3615c03def651,1683594815,0.8699086302754739,13.644328786328034,9,8
0xf4fb178a97fd1124c2835de3bae55c15f66bdc1f,0xc8f399c987963a1bebaea853e91bf22f53f9a6d5,1683669755,0.864740930272773,15.983557905844949,9,8
0xf4fb178a97fd1124c2835de3bae55c15f66bdc1f,0xc8f399c987963a1bebaea853e91bf22f53f9a6d5,1683716519,0.9505761958509492,15.840059785776141,9,8
0xf4fb178a97fd1124c2835de3bae55c15f66bdc1f,0x08391af59421a971fc0ea3288ea103d6ffb102bd,1683677687,0.8621026860931942,13.609488798110739,9,8
0xf4fb178a97fd1124c2835de3bae55c15f66bdc1f,0x77ad5bde43cfdb2d829faa1059f27bf3d1ef4fe2,1683715667,0.8598629316369027,13.632010662025207,9,8
0xc84fb0fe7e366c1741cb3c4dbbf2084c76f13d1b,0x448fbbf171135ba58f0ecad782d555cd23c49fae,1682074943,0.9921190886268904,16.72701322242444,9,8
0xc84fb0fe7e366c1741cb3c4dbbf2084c76f13d1b,0x448fbbf171135ba58f0ecad782d555cd23c49fae,1682075039,0.9575872484188611,16.72701322242444,9,8
0x71625a09703394a2e9df2e4cd4c4b18a548ba9e5,0x708dc3f2dd7e3499acd6eef94f0ccdd2daef241e,1686369203,0.9883974516616463,15.265241814743177,9,7
0x5e22e88f43e6ddce734f2f1ba3131ef3fd34f586,0x82ce13680b152abe51191a52b07aea6e5f4789b1,1683601991,0.9970730228009412,15.625601992878241,9,8
0x5e22e88f43e6ddce734f2f1ba3131ef3fd34f586,0x82ce13680b152abe51191a52b07aea6e5f4789b1,1683753431,0.9621192900166665,15.540697006319185,9,8
0x5e22e88f43e6ddce734f2f1ba3131ef3fd34f586,0x82ce13680b152abe51191a52b07aea6e5f4789b1,1683763355,0.991212752836852,15.501667199846532,9,8
0xd1d4931a7070357fa7f872760d883c8546061840,0x28eb12eddb69d97eecb64e57c3e13814d4de850b,1691448863,0.9998648340880917,18.411875351469114,9,4
0x221f6a03aab7c94bdb51f973b3c6207509785d82,0x92f3f71cef740ed5784874b8c70ff87ecdf33588,1686836999,0.9953983343132429,26.109419918772556,9,9
0xa7ca2c8673bcfa5a26d8ceec2887f2cc2b0db22a,0x7978d8b0b964ba8b2ada11a3857f8211104d8ab9,1692303215,0.9908714214410498,27.480986643386156,9,9
0xa7ca2c8673bcfa5a26d8ceec2887f2cc2b0db22a,0x8d0cd6881eca03cdb2990b66eae57ef751163bb8,1691496947,0.9995447793151877,19.848287192616752,9,9
0xa7ca2c8673bcfa5a26d8ceec2887f2cc2b0db22a,0xebc3c41da7130b1a96fbe7cd5b47d59021fe57f5,1691907587,0.9989901875585517,22.808257328284128,9,9
0xa7ca2c8673bcfa5a26d8ceec2887f2cc2b0db22a,0xebc3c41da7130b1a96fbe7cd5b47d59021fe57f5,1692516287,0.9989479568362927,21.30012398318296,9,9
0x92f3f71cef740ed5784874b8c70ff87ecdf33588,0xbeec796a4a2a27b687e1d48efad3805d78800522,1690908791,0.9999970831227357,27.414874778168464,9,9
0x92f3f71cef740ed5784874b8c70ff87ecdf33588,0x22ba2662ccf6a0191675bed265a0f295669a0d1e,1689360071,0.9999937649265042,19.30064438152847,9,9
0x92f3f71cef740ed5784874b8c70ff87ecdf33588,0x22ba2662ccf6a0191675bed265a0f295669a0d1e,1690302251,0.999981837274172,15.910136876078244,9,9
0x92f3f71cef740ed5784874b8c70ff87ecdf33588,0xb4f34d09124b8c9712957b76707b42510041ecbb,1691052395,0.9999998650233906,14.779253730073476,9,8
0x92f3f71cef740ed5784874b8c70ff87ecdf33588,0xb4f34d09124b8c9712957b76707b42510041ecbb,1691250383,0.9999994655231436,15.149301427461369,9,8
0x92f3f71cef740ed5784874b8c70ff87ecdf33588,0xd17a89f1bb2c9cd6d6d8c34e3c847e2e3ddc11d8,1691175971,0.9999722739463331,15.54921493449841,9,8
0x2ce0560486e8066f26b89cca9d83d9ab949055ff,0xdf3aae27eac1f5c99e6694b5f9b23c35ce0ac9b0,1687226639,0.9735837801540417,14.558290852616748,9,8
0x2ce0560486e8066f26b89cca9d83d9ab949055ff,0xdf3aae27eac1f5c99e6694b5f9b23c35ce0ac9b0,1687412123,0.9773390517588342,14.52771996620643,9,8
0x2ce0560486e8066f26b89cca9d83d9ab949055ff,0x7eef5b6b3920c012d5406ad5024a4c6b3c4a5474,1690436267,0.9906443989371686,14.146852945957866,9,8
0x2ce0560486e8066f26b89cca9d83d9ab949055ff,0x7eef5b6b3920c012d5406ad5024a4c6b3c4a5474,1690606175,0.9607297959916852,14.18149219575415,9,8
0x813bcb7483ba8b96883bead94c518910dc8422fe,0xe37e799d5077682fa0a244d46e5649f71457bd09,1696001927,0.9991181657070694,19.83345007576185,9,8
0x813bcb7483ba8b96883bead94c518910dc8422fe,0xe37e799d5077682fa0a244d46e5649f71457bd09,1696253963,0.9999117465282628,16.81957508427404,9,8
0x813bcb7483ba8b96883bead94c518910dc8422fe,0xe37e799d5077682fa0a244d46e5649f71457bd09,1698679655,0.999954106250561,15.779859774482176,9,8
0xdf3aae27eac1f5c99e6694b5f9b23c35ce0ac9b0,0x2ce0560486e8066f26b89cca9d83d9ab949055ff,1690436087,0.9906443989371686,13.648798765260969,9,8
0xdf3aae27eac1f5c99e6694b5f9b23c35ce0ac9b0,0x2ce0560486e8066f26b89cca9d83d9ab949055ff,1690606091,0.9607297959916852,13.664337022646544,9,8
0xc1f5e2521fc001760d35d6c0e47526f609fa634e,0x29488e5fd6bf9b3cc98a9d06a25204947cccbe4d,1693164851,0.9999799895969107,18.142424879138964,9,9
0x44b48b7e275e478666886723430c5aeaf4f987a7,0xffe0745812190b3b07cd1120784b6f410ce0916d,1687999763,0.9999117465282628,14.544321606520315,9,8
0x44b48b7e275e478666886723430c5aeaf4f987a7,0xe4e7c6e5d732924566fd024fff7247b3a3f92a6d,1689849443,0.9999558713168768,16.037046875978106,9,8
0x44b48b7e275e478666886723430c5aeaf4f987a7,0xe4e7c6e5d732924566fd024fff7247b3a3f92a6d,1690057487,0.9999117465282628,16.146178744910515,9,8
0x44b48b7e275e478666886723430c5aeaf4f987a7,0xe4e7c6e5d732924566fd024fff7247b3a3f92a6d,1690057703,0.9784110516762565,16.164242816805913,9,8
0x44b48b7e275e478666886723430c5aeaf4f987a7,0xe4e7c6e5d732924566fd024fff7247b3a3f92a6d,1690057955,0.9740476305686513,16.16803808805347,9,8
0x5c8e02921ba4b59908079566dc8cf4f6d8e108e0,0x98ceb9b939855169a0f1fd581ca9c4ccadbf097b,1688230151,0.9971309380890763,13.603216523741107,9,8
0x6fc89b5506e5005edd2416c3bc2ba9c3d2298ae4,0x92f3f71cef740ed5784874b8c70ff87ecdf33588,1689543383,0.995496979285841,17.98974426310475,9,9
0x58bc028728c0ad8708692150b214413b2c656155,0x29488e5fd6bf9b3cc98a9d06a25204947cccbe4d,1692058379,0.9997139853146734,17.82700036124467,9,9
0xf5e4cd572aec95bcfe191428abba6ce5ff8eb23c,0x3208684f96458c540eb08f6f01b9e9afb2b7d4f0,1692551075,0.9973591546971086,16.985039274453587,9,9
0xf5e4cd572aec95bcfe191428abba6ce5ff8eb23c,0x3208684f96458c540eb08f6f01b9e9afb2b7d4f0,1692568427,0.9970308595205164,16.971375842255966,9,9
0xfad399d08e6dd261f61d134757c444e6e5bc8868,0x29488e5fd6bf9b3cc98a9d06a25204947cccbe4d,1690352315,0.9997748091481863,17.904037198101452,9,9
0x9dbc6a1290b181028f6092dd1c7bf5adb8e4ab6d,0xa7ca2c8673bcfa5a26d8ceec2887f2cc2b0db22a,1691396195,0.9976731422585604,14.158029722871067,9,8
0x3208684f96458c540eb08f6f01b9e9afb2b7d4f0,0x22ba2662ccf6a0191675bed265a0f295669a0d1e,1695491651,0.9999745656095288,14.924012459511179,9,8
0xf6ba3cb6c61bfd5534f762e852bfd79973fbcab3,0xe37e799d5077682fa0a244d46e5649f71457bd09,1696140635,0.9991181657070694,14.008614875204653,9,8
0xf6ba3cb6c61bfd5534f762e852bfd79973fbcab3,0xe37e799d5077682fa0a244d46e5649f71457bd09,1699083479,0.9972371335934366,16.877988656643844,9,8
0x0c9c8416b96b36e05c458894624f1355bbc663d6,0x3208684f96458c540eb08f6f01b9e9afb2b7d4f0,1695349283,0.991250400265659,16.803033705421583,9,8
0xe37e799d5077682fa0a244d46e5649f71457bd09,0xd17a89f1bb2c9cd6d6d8c34e3c847e2e3ddc11d8,1698639035,0.9999476730778503,13.58510767660085,9,8
